t_s,node,x,y,z
0.000,0,985.175,529.693,469.151
0.000,1,1040.458,1021.882,440.666
0.000,2,423.273,688.576,456.250
0.000,3,1794.522,1467.754,373.627
0.000,4,264.793,2416.096,552.671
0.000,5,701.851,1083.879,416.900
0.000,6,340.381,2166.123,449.338
0.000,7,1835.409,1249.342,202.201
0.000,8,1034.142,945.327,257.415
0.000,9,453.875,384.101,292.556
0.000,10,851.450,912.709,385.237
0.000,11,495.168,81.119,231.143
0.000,12,314.199,2231.827,136.148
0.000,13,1088.699,1625.580,487.569
0.000,14,224.714,322.738,389.134
0.000,15,1129.461,1159.796,305.964
0.000,16,952.747,2590.710,130.742
0.000,17,808.878,2097.727,262.467
0.000,18,1078.935,2208.440,117.976
0.000,19,1739.565,2710.015,140.771
0.000,20,335.720,1458.652,555.851
0.000,21,1348.738,2347.053,582.561
0.000,22,316.713,1214.871,373.639
0.000,23,1364.784,762.405,292.454
0.000,24,1765.761,2656.762,372.208
0.000,25,1035.344,1573.381,204.970
0.000,26,1104.874,2615.248,420.709
0.000,27,697.955,1007.855,316.739
0.000,28,473.521,857.429,452.183
0.000,29,635.240,521.127,111.654
0.000,30,118.005,1733.321,273.915
0.000,31,1029.651,2713.049,321.785
0.000,32,469.094,2540.934,360.699
0.000,33,149.095,1500.601,411.921
0.000,34,1354.659,879.377,588.190
0.000,35,1498.709,119.844,382.725
0.000,36,965.648,2261.345,327.851
0.000,37,1810.962,2015.569,319.506
0.000,38,209.560,1904.677,511.984
0.000,39,644.254,2082.226,156.835
0.000,40,80.107,948.848,292.020
0.000,41,563.653,484.982,433.612
0.000,42,1527.837,233.213,198.659
5.000,0,910.281,565.285,470.242
5.000,1,1056.882,901.948,441.685
5.000,2,495.901,710.594,456.428
5.000,3,1867.585,1428.534,371.245
5.000,4,314.923,2293.928,551.612
5.000,5,582.757,1136.270,412.091
5.000,6,378.437,2236.953,448.208
5.000,7,1833.885,1254.083,202.194
5.000,8,1100.035,820.578,257.031
5.000,9,510.172,515.275,291.833
5.000,10,738.880,891.772,381.189
5.000,11,609.052,83.267,234.820
5.000,12,246.540,2312.619,141.463
5.000,13,978.983,1702.528,491.246
5.000,14,172.628,396.470,387.203
5.000,15,1094.631,1081.733,306.898
5.000,16,874.104,2518.223,133.333
5.000,17,746.719,1978.924,265.207
5.000,18,1068.176,2107.347,122.027
5.000,19,1714.611,2600.100,139.728
5.000,20,309.785,1564.886,555.160
5.000,21,1461.175,2328.826,584.959
5.000,22,445.475,1156.391,366.821
5.000,23,1497.256,770.614,289.227
5.000,24,1720.034,2760.463,371.018
5.000,25,925.158,1665.198,207.192
5.000,26,1029.404,2658.201,419.013
5.000,27,651.705,1079.427,315.268
5.000,28,465.188,965.338,454.853
5.000,29,665.951,594.243,109.027
5.000,30,192.634,1784.470,274.247
5.000,31,1139.471,2722.458,320.676
5.000,32,448.014,2426.517,362.632
5.000,33,27.484,1518.644,413.046
5.000,34,1457.008,951.496,587.702
5.000,35,1411.793,220.651,377.184
5.000,36,1048.326,2248.409,328.896
5.000,37,1738.188,1940.657,318.880
5.000,38,346.831,1937.513,517.388
5.000,39,544.559,2170.366,158.038
5.000,40,159.124,940.015,291.060
5.000,41,452.209,506.858,430.821
5.000,42,1427.473,150.597,200.955
10.000,0,836.801,598.665,471.118
10.000,1,1087.523,786.050,443.559
10.000,2,569.641,743.603,456.958
10.000,3,1829.672,1393.709,369.521
10.000,4,357.154,2162.586,551.194
10.000,5,452.898,1153.783,409.959
10.000,6,420.732,2305.498,448.579
10.000,7,1741.303,1252.421,202.849
10.000,8,1155.339,690.514,261.469
10.000,9,550.147,647.837,288.606
10.000,10,635.106,852.423,381.367
10.000,11,721.538,78.467,237.015
10.000,12,172.532,2397.879,145.805
10.000,13,865.339,1768.377,497.032
10.000,14,118.046,462.055,384.016
10.000,15,1084.610,994.407,306.623
10.000,16,788.103,2472.375,134.379
10.000,17,672.505,1871.544,268.982
10.000,18,1087.449,2012.093,125.151
10.000,19,1722.270,2492.170,139.542
10.000,20,275.983,1668.889,551.830
10.000,21,1569.704,2320.052,587.053
10.000,22,562.619,1094.904,358.505
10.000,23,1621.511,732.427,288.360
10.000,24,1691.767,2696.006,370.610
10.000,25,825.295,1767.864,209.868
10.000,26,953.602,2695.504,417.977
10.000,27,600.785,1141.505,316.016
10.000,28,428.279,1068.028,453.435
10.000,29,702.067,658.276,107.102
10.000,30,275.187,1824.802,273.340
10.000,31,1246.804,2733.673,319.105
10.000,32,438.271,2311.856,367.784
10.000,33,96.894,1563.182,414.380
10.000,34,1538.041,1038.520,588.818
10.000,35,1362.671,341.733,369.697
10.000,36,1129.182,2229.292,331.238
10.000,37,1671.836,1865.504,318.542
10.000,38,469.755,2007.946,524.667
10.000,39,451.268,2263.581,159.577
10.000,40,243.157,938.644,289.824
10.000,41,338.611,516.595,430.651
10.000,42,1329.318,74.270,207.398
15.000,0,764.014,630.408,472.032
15.000,1,1112.797,670.361,446.187
15.000,2,645.560,775.660,454.936
15.000,3,1749.959,1374.387,367.969
15.000,4,399.378,2032.309,551.592
15.000,5,339.031,1202.392,404.498
15.000,6,477.367,2368.488,445.358
15.000,7,1654.037,1259.356,204.561
15.000,8,1206.607,558.427,263.184
15.000,9,614.887,777.522,285.790
15.000,10,528.141,837.022,382.525
15.000,11,832.753,87.265,238.772
15.000,12,111.666,2474.661,150.098
15.000,13,735.104,1807.645,501.614
15.000,14,64.135,536.510,382.316
15.000,15,1082.450,908.338,308.510
15.000,16,701.092,2425.926,139.528
15.000,17,583.605,1776.575,271.232
15.000,18,1097.591,1916.948,130.496
15.000,19,1723.055,2380.682,140.700
15.000,20,233.224,1767.116,547.961
15.000,21,1677.709,2291.454,589.545
15.000,22,691.639,1041.637,348.284
15.000,23,1745.661,694.650,285.317
15.000,24,1630.441,2612.418,369.373
15.000,25,716.632,1871.114,213.058
15.000,26,880.004,2742.848,416.390
15.000,27,560.883,1205.220,317.165
15.000,28,424.853,1182.235,455.394
15.000,29,741.834,725.723,103.472
15.000,30,340.201,1891.412,270.560
15.000,31,1356.432,2764.400,318.024
15.000,32,427.509,2191.959,371.183
15.000,33,207.249,1613.358,416.092
15.000,34,1626.277,1123.661,589.988
15.000,35,1277.396,453.870,364.822
15.000,36,1205.912,2198.938,333.925
15.000,37,1619.956,1782.427,315.950
15.000,38,602.273,2069.544,530.547
15.000,39,346.921,2344.439,157.834
15.000,40,323.074,928.482,290.195
15.000,41,216.579,531.841,430.769
15.000,42,1227.581,10.771,213.825
20.000,0,692.202,658.967,472.105
20.000,1,1159.993,560.159,446.432
20.000,2,713.024,818.075,454.464
20.000,3,1672.931,1340.601,366.124
20.000,4,440.238,1905.605,548.271
20.000,5,229.507,1259.342,398.129
20.000,6,517.006,2432.920,441.975
20.000,7,1567.997,1275.821,204.104
20.000,8,1238.625,409.109,264.884
20.000,9,683.809,905.677,281.345
20.000,10,419.037,831.224,382.416
20.000,11,950.355,93.602,240.070
20.000,12,48.838,2567.540,155.241
20.000,13,606.573,1857.639,508.807
20.000,14,12.389,612.234,378.192
20.000,15,1065.727,826.213,309.782
20.000,16,621.686,2364.647,143.130
20.000,17,474.778,1697.699,273.334
20.000,18,1107.609,1817.816,134.956
20.000,19,1727.686,2274.300,139.732
20.000,20,217.889,1875.311,547.766
20.000,21,1788.080,2266.915,593.497
20.000,22,801.026,949.847,340.859
20.000,23,1875.015,670.524,282.855
20.000,24,1575.685,2517.403,369.759
20.000,25,575.562,1927.192,211.119
20.000,26,792.369,2764.927,415.641
20.000,27,507.033,1274.462,317.037
20.000,28,390.730,1285.127,456.138
20.000,29,793.944,781.200,101.645
20.000,30,425.073,1925.781,270.488
20.000,31,1464.252,2764.057,316.598
20.000,32,412.367,2081.287,372.341
20.000,33,319.729,1660.147,416.623
20.000,34,1715.991,1202.845,586.751
20.000,35,1213.199,573.006,357.436
20.000,36,1286.904,2172.090,335.965
20.000,37,1556.229,1697.315,315.443
20.000,38,744.304,2101.372,532.696
20.000,39,238.250,2441.152,157.626
20.000,40,406.103,913.791,292.222
20.000,41,104.172,546.919,428.797
20.000,42,1144.822,114.641,220.798
25.000,0,613.074,678.874,474.245
25.000,1,1202.143,442.370,447.705
25.000,2,786.409,851.991,452.606
25.000,3,1600.516,1301.558,365.225
25.000,4,480.091,1776.195,546.876
25.000,5,96.103,1263.912,392.566
25.000,6,561.819,2492.418,440.206
25.000,7,1477.903,1280.416,204.959
25.000,8,1289.362,278.905,264.441
25.000,9,734.774,1043.990,277.524
25.000,10,313.326,800.118,383.145
25.000,11,1066.910,109.237,244.348
25.000,12,7.582,2666.182,158.821
25.000,13,487.042,1917.959,510.345
25.000,14,47.481,682.975,374.412
25.000,15,1045.702,743.854,310.148
25.000,16,530.739,2342.067,145.240
25.000,17,363.780,1622.656,274.570
25.000,18,1122.426,1719.484,137.694
25.000,19,1705.465,2175.365,138.561
25.000,20,192.907,1980.076,546.622
25.000,21,1854.546,2249.379,598.042
25.000,22,911.205,856.902,330.040
25.000,23,1741.110,637.666,282.823
25.000,24,1547.228,2412.562,369.394
25.000,25,450.318,2001.721,210.428
25.000,26,710.137,2758.007,416.031
25.000,27,455.810,1340.801,316.633
25.000,28,352.333,1378.129,456.946
25.000,29,838.840,841.328,102.919
25.000,30,502.690,1969.265,270.401
25.000,31,1577.080,2742.678,315.076
25.000,32,398.227,1968.489,372.144
25.000,33,436.700,1690.691,417.008
25.000,34,1820.631,1273.001,585.841
25.000,35,1117.780,661.836,350.206
25.000,36,1365.285,2142.987,338.601
25.000,37,1467.701,1638.949,314.756
25.000,38,874.871,2166.534,540.259
25.000,39,126.684,2527.296,159.562
25.000,40,487.329,899.146,294.363
25.000,41,35.406,538.305,425.773
25.000,42,1061.160,212.906,228.190
30.000,0,543.153,700.381,476.925
30.000,1,1223.968,317.798,448.803
30.000,2,858.295,886.468,453.390
30.000,3,1526.008,1272.932,363.860
30.000,4,507.484,1650.145,549.163
30.000,5,40.667,1294.735,389.233
30.000,6,594.276,2563.411,439.584
30.000,7,1391.510,1279.240,203.531
30.000,8,1301.325,146.340,267.245
30.000,9,760.298,1191.086,272.322
30.000,10,201.048,763.682,381.976
30.000,11,1183.177,90.679,246.348
30.000,12,46.995,2754.252,162.939
30.000,13,359.985,1972.214,516.095
30.000,14,95.878,765.566,370.418
30.000,15,1026.219,667.485,309.732
30.000,16,436.446,2312.128,146.377
30.000,17,272.760,1514.861,276.712
30.000,18,1131.347,1618.212,142.489
30.000,19,1687.015,2066.180,136.614
30.000,20,175.213,2089.964,544.568
30.000,21,1743.722,2262.664,598.444
30.000,22,1038.819,783.191,319.756
30.000,23,1614.257,601.625,280.938
30.000,24,1491.978,2302.683,365.327
30.000,25,333.425,2081.602,212.473
30.000,26,635.005,2715.909,414.403
30.000,27,400.305,1403.174,317.180
30.000,28,331.864,1483.149,455.982
30.000,29,880.899,904.907,105.422
30.000,30,570.450,2021.501,271.189
30.000,31,1683.221,2714.257,310.664
30.000,32,368.506,1850.065,373.484
30.000,33,555.088,1715.164,419.454
30.000,34,1850.307,1348.040,584.078
30.000,35,1034.033,773.170,344.468
30.000,36,1451.314,2110.456,340.641
30.000,37,1396.498,1570.872,313.643
30.000,38,994.520,2244.488,544.973
30.000,39,42.381,2641.574,159.884
30.000,40,568.278,871.179,294.095
30.000,41,153.364,529.672,422.263
30.000,42,972.463,303.121,233.162
35.000,0,462.831,718.197,480.467
35.000,1,1251.619,198.997,452.284
35.000,2,935.093,908.932,453.711
35.000,3,1451.798,1232.970,362.933
35.000,4,523.770,1520.240,548.915
35.000,5,152.539,1354.122,382.468
35.000,6,638.237,2631.050,437.788
35.000,7,1311.687,1298.004,204.301
35.000,8,1342.806,15.263,268.912
35.000,9,813.877,1330.326,263.323
35.000,10,94.165,738.574,380.691
35.000,11,1292.409,77.486,252.219
35.000,12,112.965,2710.041,165.585
35.000,13,232.585,2017.217,518.823
35.000,14,143.009,837.347,368.822
35.000,15,996.261,594.178,307.800
35.000,16,348.268,2274.174,149.506
35.000,17,174.357,1431.156,282.269
35.000,18,1144.392,1521.022,145.090
35.000,19,1702.090,1949.409,133.018
35.000,20,140.120,2195.079,540.423
35.000,21,1637.987,2266.523,595.769
35.000,22,1163.446,711.559,312.826
35.000,23,1483.656,563.961,280.943
35.000,24,1445.555,2199.988,364.158
35.000,25,219.386,2175.106,214.880
35.000,26,555.236,2687.853,413.694
35.000,27,350.458,1482.808,318.519
35.000,28,297.545,1591.058,456.682
35.000,29,940.026,967.908,105.765
35.000,30,635.727,2075.470,269.499
35.000,31,1794.649,2674.524,308.429
35.000,32,348.615,1731.102,373.163
35.000,33,670.380,1750.345,421.484
35.000,34,1779.210,1442.003,583.514
35.000,35,944.239,874.997,339.528
35.000,36,1527.583,2081.360,343.062
35.000,37,1322.630,1495.816,308.458
35.000,38,1124.829,2280.074,548.223
35.000,39,49.457,2748.942,161.234
35.000,40,651.088,854.456,294.457
35.000,41,270.905,540.360,419.411
35.000,42,868.719,382.916,241.660
40.000,0,393.269,742.599,483.131
40.000,1,1271.634,78.299,456.727
40.000,2,1017.788,929.514,453.142
40.000,3,1376.357,1209.487,361.052
40.000,4,559.362,1395.025,548.853
40.000,5,272.054,1394.967,376.471
40.000,6,667.750,2703.190,436.527
40.000,7,1227.858,1308.207,205.832
40.000,8,1391.305,131.574,273.756
40.000,9,870.382,1463.824,258.190
40.000,10,30.538,710.429,376.109
40.000,11,1403.162,77.378,258.128
40.000,12,166.753,2624.917,168.197
40.000,13,105.330,2064.557,521.088
40.000,14,192.243,904.420,368.196
40.000,15,972.624,517.157,308.942
40.000,16,268.940,2226.398,152.072
40.000,17,97.415,1319.700,288.213
40.000,18,1166.974,1428.911,148.318
40.000,19,1678.027,1834.451,131.986
40.000,20,94.458,2293.485,536.478
40.000,21,1534.105,2252.582,594.335
40.000,22,1287.468,633.717,305.855
40.000,23,1356.805,555.244,279.395
40.000,24,1393.984,2094.832,365.157
40.000,25,101.527,2249.476,217.008
40.000,26,480.870,2652.876,412.407
40.000,27,291.672,1540.432,319.029
40.000,28,273.980,1696.634,456.119
40.000,29,976.708,1035.641,107.926
40.000,30,701.468,2142.556,269.441
40.000,31,1867.561,2619.250,306.859
40.000,32,348.618,1609.780,376.927
40.000,33,794.622,1762.449,421.865
40.000,34,1685.465,1517.639,582.075
40.000,35,883.492,989.776,330.316
40.000,36,1612.272,2058.817,344.582
40.000,37,1252.540,1425.587,307.554
40.000,38,1269.923,2305.522,549.978
40.000,39,133.420,2688.826,161.280
40.000,40,733.619,850.978,294.616
40.000,41,387.932,519.019,416.288
40.000,42,760.991,454.027,247.490
45.000,0,317.520,773.033,484.877
45.000,1,1307.675,61.564,460.448
45.000,2,1093.666,943.316,453.525
45.000,3,1297.616,1181.666,360.017
45.000,4,615.276,1276.801,549.593
45.000,5,395.659,1441.155,369.335
45.000,6,700.080,2770.753,434.629
45.000,7,1141.886,1309.947,207.528
45.000,8,1457.610,258.575,275.734
45.000,9,909.940,1599.408,255.358
45.000,10,146.373,698.673,376.050
45.000,11,1516.208,93.710,261.061
45.000,12,229.946,2542.201,171.340
45.000,13,26.849,2093.308,524.906
45.000,14,252.880,957.309,365.444
45.000,15,939.288,446.548,309.585
45.000,16,173.334,2184.778,156.046
45.000,17,40.256,1201.573,291.686
45.000,18,1178.049,1330.821,154.764
45.000,19,1671.661,1714.825,128.361
45.000,20,51.119,2396.872,534.670
45.000,21,1437.081,2226.108,592.651
45.000,22,1395.164,543.576,300.731
45.000,23,1231.022,544.827,278.469
45.000,24,1333.977,2000.692,365.934
45.000,25,23.172,2337.576,221.382
45.000,26,409.006,2602.868,411.940
45.000,27,253.114,1607.026,319.602
45.000,28,263.090,1805.838,457.824
45.000,29,1018.205,1097.452,110.912
45.000,30,765.030,2207.723,267.745
45.000,31,1754.736,2598.216,305.428
45.000,32,325.175,1493.417,379.310
45.000,33,917.456,1786.517,424.362
45.000,34,1581.186,1591.873,581.241
45.000,35,815.900,1108.139,324.376
45.000,36,1693.307,2036.460,344.725
45.000,37,1183.686,1351.185,307.105
45.000,38,1412.120,2350.828,554.266
45.000,39,216.789,2586.671,162.871
45.000,40,813.653,833.758,294.947
45.000,41,498.976,518.567,410.774
45.000,42,677.495,543.162,253.128
50.000,0,245.163,800.181,485.958
50.000,1,1328.719,185.768,464.587
50.000,2,1171.593,979.611,453.870
50.000,3,1223.655,1141.295,358.716
50.000,4,672.729,1162.132,552.613
50.000,5,518.106,1481.620,362.814
50.000,6,731.711,2708.780,432.724
50.000,7,1052.705,1313.853,206.309
50.000,8,1499.947,388.722,273.984
50.000,9,953.357,1739.578,251.409
50.000,10,258.194,671.227,375.126
50.000,11,1631.907,60.971,262.723
50.000,12,291.685,2451.837,173.563
50.000,13,152.261,2148.890,528.344
50.000,14,312.636,1022.895,364.786
50.000,15,912.846,370.063,308.897
50.000,16,86.921,2146.228,159.855
50.000,17,48.670,1102.339,295.273
50.000,18,1209.084,1235.260,158.177
50.000,19,1652.944,1604.005,129.921
50.000,20,24.785,2506.842,530.801
50.000,21,1335.801,2203.397,588.069
50.000,22,1520.645,486.223,294.711
50.000,23,1109.102,498.140,276.951
50.000,24,1293.452,1904.799,364.275
50.000,25,140.770,2415.231,224.515
50.000,26,335.182,2558.850,411.550
50.000,27,205.827,1685.538,319.173
50.000,28,230.186,1907.795,459.944
50.000,29,1055.642,1160.977,113.022
50.000,30,845.356,2266.796,265.848
50.000,31,1651.522,2574.354,304.371
50.000,32,311.560,1376.378,382.560
50.000,33,1031.731,1824.659,426.359
50.000,34,1500.668,1690.897,579.647
50.000,35,768.028,1234.392,315.106
50.000,36,1768.832,2021.190,347.778
50.000,37,1122.562,1273.504,307.864
50.000,38,1556.263,2383.627,560.602
50.000,39,305.356,2489.632,162.916
50.000,40,889.088,811.740,295.673
50.000,41,617.760,533.200,403.378
50.000,42,594.416,644.617,257.690
55.000,0,179.213,843.339,487.849
55.000,1,1352.381,305.963,467.444
55.000,2,1253.472,999.593,456.143
55.000,3,1156.790,1097.178,357.307
55.000,4,736.959,1045.659,553.032
55.000,5,645.032,1515.723,360.599
55.000,6,763.989,2629.342,431.106
55.000,7,968.466,1342.026,206.372
55.000,8,1521.297,527.415,274.667
55.000,9,1001.418,1873.853,250.695
55.000,10,366.188,635.460,375.122
55.000,11,1743.634,78.822,262.975
55.000,12,356.224,2366.101,177.807
55.000,13,272.693,2220.056,535.872
55.000,14,353.189,1104.502,361.712
55.000,15,878.099,282.972,309.986
55.000,16,16.633,2105.782,161.461
55.000,17,134.087,999.485,296.723
55.000,18,1224.065,1132.005,163.145
55.000,19,1649.791,1495.448,128.131
55.000,20,11.485,2615.418,528.283
55.000,21,1229.762,2191.667,582.106
55.000,22,1636.360,410.609,286.711
55.000,23,975.612,488.158,273.052
55.000,24,1249.692,1807.388,362.691
55.000,25,253.335,2502.339,229.511
55.000,26,256.402,2524.699,410.976
55.000,27,156.101,1750.876,318.673
55.000,28,195.395,2010.172,458.604
55.000,29,1101.723,1223.469,115.239
55.000,30,920.882,2329.040,265.527
55.000,31,1541.705,2562.491,298.601
55.000,32,268.576,1264.968,386.912
55.000,33,1154.198,1873.678,429.621
55.000,34,1419.544,1778.974,577.645
55.000,35,681.880,1351.865,309.517
55.000,36,1848.432,1998.069,348.941
55.000,37,1048.084,1214.209,305.934
55.000,38,1697.823,2418.248,567.016
55.000,39,398.269,2388.132,162.849
55.000,40,964.237,783.596,295.535
55.000,41,729.359,541.086,400.298
55.000,42,502.849,737.166,263.811
60.000,0,106.600,866.276,491.285
60.000,1,1379.131,423.511,470.943
60.000,2,1324.291,1034.389,457.118
60.000,3,1080.188,1066.550,355.633
60.000,4,781.644,917.468,555.358
60.000,5,764.746,1557.693,352.684
60.000,6,805.968,2564.466,429.776
60.000,7,878.844,1355.399,209.805
60.000,8,1600.334,644.664,278.164
60.000,9,1043.697,2015.072,247.740
60.000,10,482.153,621.683,374.147
60.000,11,1857.619,61.258,264.361
60.000,12,415.737,2279.502,180.769
60.000,13,395.404,2274.727,540.212
60.000,14,412.435,1171.421,357.890
60.000,15,845.678,208.257,310.124
60.000,16,110.602,2069.961,166.340
60.000,17,214.254,890.231,299.461
60.000,18,1234.959,1034.798,167.845
60.000,19,1646.064,1375.420,125.845
60.000,20,29.667,2726.311,525.407
60.000,21,1122.356,2186.391,584.563
60.000,22,1754.144,335.319,278.801
60.000,23,851.128,445.196,269.563
60.000,24,1221.953,1704.559,363.216
60.000,25,364.634,2583.537,230.536
60.000,26,170.804,2511.421,413.090
60.000,27,100.214,1812.172,317.175
60.000,28,158.310,2114.375,459.318
60.000,29,1139.917,1285.524,117.960
60.000,30,996.283,2379.809,264.146
60.000,31,1434.824,2528.777,297.313
60.000,32,241.742,1141.931,388.085
60.000,33,1253.337,1943.038,430.710
60.000,34,1344.103,1866.942,578.471
60.000,35,631.767,1473.879,300.623
60.000,36,1837.294,1968.809,350.628
60.000,37,983.637,1148.236,305.383
60.000,38,1836.850,2468.092,569.979
60.000,39,487.764,2296.150,167.416
60.000,40,1046.457,763.009,295.940
60.000,41,848.147,547.740,397.199
60.000,42,404.209,828.884,272.194
65.000,0,42.632,903.546,493.547
65.000,1,1439.782,538.033,472.833
65.000,2,1384.622,1073.830,456.330
65.000,3,1011.297,1032.342,353.917
65.000,4,821.483,788.909,554.526
65.000,5,890.837,1583.860,348.775
65.000,6,846.346,2500.183,428.117
65.000,7,800.355,1377.604,210.718
65.000,8,1625.895,775.781,282.591
65.000,9,1080.142,2153.304,240.428
65.000,10,593.116,586.159,371.570
65.000,11,1785.916,80.734,265.630
65.000,12,484.200,2193.699,185.550
65.000,13,511.936,2350.319,545.070
65.000,14,468.761,1243.316,352.980
65.000,15,828.364,123.507,310.690
65.000,16,199.227,2037.429,171.222
65.000,17,306.227,795.268,302.716
65.000,18,1257.432,936.803,172.948
65.000,19,1661.770,1269.862,124.151
65.000,20,66.560,2726.281,524.743
65.000,21,1015.631,2174.210,582.869
65.000,22,1874.256,248.943,275.573
65.000,23,717.555,415.268,267.104
65.000,24,1184.466,1598.181,361.081
65.000,25,502.426,2635.593,233.496
65.000,26,90.308,2477.637,412.229
65.000,27,61.811,1886.770,316.953
65.000,28,117.269,2223.907,458.548
65.000,29,1186.122,1346.046,122.076
65.000,30,1068.366,2430.867,262.027
65.000,31,1325.060,2501.676,293.610
65.000,32,205.453,1025.813,392.266
65.000,33,1379.200,1985.787,431.337
65.000,34,1259.382,1946.955,578.894
65.000,35,555.249,1583.530,293.703
65.000,36,1755.449,1933.412,354.125
65.000,37,926.241,1073.378,304.402
65.000,38,1783.684,2542.326,573.113
65.000,39,582.249,2208.801,168.986
65.000,40,1130.776,760.180,298.880
65.000,41,966.301,556.651,393.840
65.000,42,304.897,907.609,281.166
70.000,0,30.396,932.546,495.271
70.000,1,1456.181,658.522,476.024
70.000,2,1451.257,1111.564,455.595
70.000,3,934.795,1014.176,353.377
70.000,4,837.726,656.261,553.891
70.000,5,1017.689,1617.484,344.993
70.000,6,883.854,2432.665,427.366
70.000,7,713.086,1389.379,212.597
70.000,8,1678.638,907.631,284.378
70.000,9,1118.979,2295.160,237.436
70.000,10,708.359,547.115,369.113
70.000,11,1673.632,78.083,267.292
70.000,12,538.907,2097.283,188.446
70.000,13,647.966,2409.170,549.748
70.000,14,518.196,1314.561,347.355
70.000,15,822.473,36.278,310.364
70.000,16,283.660,2000.956,173.775
70.000,17,400.080,699.429,304.617
70.000,18,1280.339,850.037,177.680
70.000,19,1643.514,1157.480,122.220
70.000,20,94.987,2623.346,521.948
70.000,21,910.113,2160.708,583.794
70.000,22,1752.762,159.784,267.189
70.000,23,584.179,412.884,267.011
70.000,24,1130.212,1506.896,359.856
70.000,25,604.130,2740.073,235.547
70.000,26,23.739,2425.237,411.550
70.000,27,11.210,1954.610,318.358
70.000,28,68.537,2320.429,459.120
70.000,29,1228.956,1416.037,125.761
70.000,30,1144.050,2475.880,261.782
70.000,31,1229.466,2444.450,290.116
70.000,32,168.053,911.511,396.750
70.000,33,1495.551,2001.553,434.822
70.000,34,1158.537,2013.757,576.116
70.000,35,488.597,1701.355,288.455
70.000,36,1678.629,1905.292,355.242
70.000,37,853.423,1007.684,301.871
70.000,38,1642.530,2588.498,579.729
70.000,39,707.099,2149.390,167.994
70.000,40,1204.625,739.584,300.475
70.000,41,1075.625,579.975,389.076
70.000,42,201.646,991.388,287.707
75.000,0,106.850,944.336,497.771
75.000,1,1455.177,775.897,478.737
75.000,2,1522.064,1148.595,456.076
75.000,3,857.165,985.328,352.521
75.000,4,854.397,517.867,557.341
75.000,5,1144.495,1639.517,338.199
75.000,6,919.439,2363.656,424.869
75.000,7,625.973,1386.262,213.279
75.000,8,1749.470,1037.354,287.041
75.000,9,1185.316,2428.486,231.169
75.000,10,821.169,520.618,365.776
75.000,11,1559.200,104.735,268.939
75.000,12,588.746,1999.326,192.587
75.000,13,779.677,2447.783,555.444
75.000,14,564.013,1384.936,344.136
75.000,15,795.893,55.335,313.236
75.000,16,369.635,1958.889,175.866
75.000,17,489.064,605.376,305.741
75.000,18,1293.143,748.232,183.391
75.000,19,1632.903,1044.188,121.573
75.000,20,126.190,2519.756,520.009
75.000,21,802.252,2169.054,583.386
75.000,22,1622.021,94.326,258.174
75.000,23,448.933,370.921,270.602
75.000,24,1078.325,1408.823,357.470
75.000,25,713.275,2726.052,236.574
75.000,26,50.842,2377.292,411.703
75.000,27,37.089,2027.334,315.510
75.000,28,52.964,2425.952,460.759
75.000,29,1255.321,1493.859,127.817
75.000,30,1219.185,2526.194,260.669
75.000,31,1115.859,2418.505,287.239
75.000,32,116.724,805.225,398.741
75.000,33,1612.846,2039.258,434.032
75.000,34,1071.402,2094.908,576.399
75.000,35,427.118,1820.228,281.255
75.000,36,1600.968,1870.598,354.850
75.000,37,789.012,930.751,299.685
75.000,38,1512.837,2657.886,586.476
75.000,39,800.143,2057.547,172.010
75.000,40,1277.730,717.921,302.443
75.000,41,1193.368,613.484,382.807
75.000,42,103.961,1085.470,293.753
80.000,0,173.510,976.481,497.480
80.000,1,1490.184,888.917,483.114
80.000,2,1586.387,1202.215,457.536
80.000,3,779.475,967.983,352.106
80.000,4,894.794,393.712,561.410
80.000,5,1267.032,1664.695,330.811
80.000,6,956.768,2290.543,422.733
80.000,7,536.739,1396.332,214.806
80.000,8,1802.618,1169.008,287.787
80.000,9,1249.278,2561.351,228.447
80.000,10,926.725,479.374,361.141
80.000,11,1447.235,125.016,269.328
80.000,12,663.554,1917.706,196.035
80.000,13,919.689,2463.624,560.014
80.000,14,592.726,1467.648,339.421
80.000,15,784.452,134.599,315.320
80.000,16,464.446,1931.594,177.799
80.000,17,592.233,518.561,307.789
80.000,18,1318.490,651.853,188.009
80.000,19,1640.705,934.450,120.229
80.000,20,123.071,2408.268,519.788
80.000,21,697.168,2144.819,582.092
80.000,22,1512.361,2.942,250.229
80.000,23,317.142,355.892,268.466
80.000,24,1017.606,1317.644,355.923
80.000,25,823.001,2625.558,240.417
80.000,26,127.140,2320.043,412.502
80.000,27,82.963,2095.303,313.473
80.000,28,13.052,2525.772,463.162
80.000,29,1300.728,1559.687,132.046
80.000,30,1296.161,2569.740,259.647
80.000,31,1009.867,2395.230,282.546
80.000,32,82.665,693.607,400.089
80.000,33,1730.923,2078.723,434.739
80.000,34,991.646,2187.609,576.861
80.000,35,334.978,1917.045,273.557
80.000,36,1506.501,1873.219,355.446
80.000,37,724.913,854.854,296.888
80.000,38,1383.382,2726.698,591.407
80.000,39,866.382,1947.335,176.148
80.000,40,1363.135,700.676,303.809
80.000,41,1312.229,615.417,380.651
80.000,42,15.131,1173.811,299.332
85.000,0,243.832,1011.236,498.952
85.000,1,1527.900,999.055,483.878
85.000,2,1658.764,1234.754,456.930
85.000,3,709.136,935.027,352.568
85.000,4,956.570,267.866,561.790
85.000,5,1385.366,1693.549,328.897
85.000,6,996.641,2222.792,419.236
85.000,7,454.781,1407.544,215.503
85.000,8,1848.567,1309.525,286.153
85.000,9,1280.012,2703.660,223.276
85.000,10,1045.392,473.560,357.692
85.000,11,1323.486,136.244,272.744
85.000,12,739.748,1841.532,200.455
85.000,13,1031.679,2547.481,562.372
85.000,14,636.861,1533.175,335.880
85.000,15,775.352,213.976,316.961
85.000,16,551.776,1880.081,177.366
85.000,17,684.706,421.092,308.663
85.000,18,1323.171,563.035,190.083
85.000,19,1639.131,824.275,120.425
85.000,20,130.876,2294.252,516.264
85.000,21,593.338,2128.427,580.248
85.000,22,1397.830,89.164,244.417
85.000,23,187.897,333.203,267.002
85.000,24,958.253,1222.985,356.074
85.000,25,907.719,2517.836,241.436
85.000,26,211.106,2279.416,411.121
85.000,27,119.080,2159.516,312.687
85.000,28,9.238,2631.555,463.949
85.000,29,1336.572,1629.208,135.213
85.000,30,1365.173,2612.209,259.647
85.000,31,897.163,2358.335,278.326
85.000,32,23.083,589.961,403.031
85.000,33,1858.732,2089.606,432.749
85.000,34,916.554,2282.347,574.185
85.000,35,284.954,2045.638,265.990
85.000,36,1424.132,1853.080,355.269
85.000,37,645.638,790.554,292.474
85.000,38,1253.376,2771.394,596.807
85.000,39,967.300,1848.945,177.678
85.000,40,1440.750,679.235,305.444
85.000,41,1433.517,622.118,378.896
85.000,42,81.864,1260.817,306.046
90.000,0,308.832,1051.932,500.401
90.000,1,1533.381,1116.022,485.301
90.000,2,1737.294,1257.970,456.107
90.000,3,631.980,901.795,352.016
90.000,4,988.738,142.713,564.687
90.000,5,1501.274,1739.799,324.121
90.000,6,1034.325,2151.830,417.917
90.000,7,363.549,1413.556,212.868
90.000,8,1876.492,1449.793,290.941
90.000,9,1295.369,2708.071,216.795
90.000,10,1158.424,447.624,355.867
90.000,11,1219.185,153.433,274.318
90.000,12,799.490,1753.997,205.955
90.000,13,1151.470,2618.128,568.105
90.000,14,702.247,1597.131,332.361
90.000,15,735.857,295.054,318.946
90.000,16,644.068,1864.140,178.606
90.000,17,748.441,304.074,313.230
90.000,18,1352.576,468.288,193.394
90.000,19,1616.523,715.566,119.985
90.000,20,169.068,2190.729,511.803
90.000,21,495.026,2106.718,577.432
90.000,22,1298.744,197.123,238.080
90.000,23,57.934,303.997,263.733
90.000,24,894.970,1137.942,356.857
90.000,25,1037.679,2453.335,239.112
90.000,26,280.788,2237.112,409.247
90.000,27,161.950,2221.415,312.614
90.000,28,44.351,2739.733,466.659
90.000,29,1378.693,1693.732,138.744
90.000,30,1436.875,2664.009,258.902
90.000,31,782.546,2347.050,276.096
90.000,32,6.638,475.510,406.692
90.000,33,1787.229,2124.519,430.670
90.000,34,836.259,2367.833,572.895
90.000,35,218.493,2165.417,260.153
90.000,36,1338.232,1836.509,357.834
90.000,37,565.290,727.143,291.163
90.000,38,1105.669,2757.959,598.343
90.000,39,1062.013,1758.439,180.910
90.000,40,1515.513,668.812,307.276
90.000,41,1546.342,643.741,374.938
90.000,42,190.641,1333.058,313.271
95.000,0,371.646,1087.828,502.524
95.000,1,1555.583,1233.588,489.460
95.000,2,1809.177,1288.518,457.555
95.000,3,548.147,879.821,349.432
95.000,4,1025.551,18.737,560.230
95.000,5,1626.265,1772.295,318.454
95.000,6,1074.305,2072.831,416.075
95.000,7,275.665,1430.001,210.883
95.000,8,1840.631,1588.779,293.473
95.000,9,1330.311,2568.370,210.718
95.000,10,1268.203,425.329,353.101
95.000,11,1100.890,155.605,277.002
95.000,12,868.567,1675.403,210.712
95.000,13,1276.644,2673.632,571.514
95.000,14,760.794,1664.587,327.617
95.000,15,708.816,370.938,319.814
95.000,16,727.602,1830.044,180.686
95.000,17,831.891,205.322,315.370
95.000,18,1360.191,373.670,199.065
95.000,19,1608.712,603.861,118.806
95.000,20,208.978,2094.782,509.625
95.000,21,389.680,2077.604,574.736
95.000,22,1176.540,267.506,229.524
95.000,23,84.647,278.398,262.440
95.000,24,862.106,1030.368,353.460
95.000,25,1133.650,2352.030,240.298
95.000,26,360.481,2199.225,407.758
95.000,27,215.122,2283.330,311.848
95.000,28,77.623,2716.682,467.909
95.000,29,1417.456,1761.851,141.503
95.000,30,1512.267,2717.505,260.039
95.000,31,673.660,2315.510,276.205
95.000,32,55.266,369.038,410.695
95.000,33,1668.228,2156.518,431.067
95.000,34,748.184,2453.169,570.997
95.000,35,143.153,2283.190,254.483
95.000,36,1245.797,1816.522,361.198
95.000,37,497.970,650.423,288.274
95.000,38,970.488,2694.087,592.787
95.000,39,1167.668,1673.987,180.651
95.000,40,1598.207,658.470,309.206
95.000,41,1662.857,623.505,372.563
95.000,42,292.625,1404.677,322.775
100.000,0,447.956,1112.458,505.031
100.000,1,1570.243,1351.079,490.785
100.000,2,1882.702,1320.845,457.351
100.000,3,465.190,851.728,348.043
100.000,4,1074.455,114.241,558.030
100.000,5,1746.187,1796.117,313.729
100.000,6,1115.601,2007.404,413.191
100.000,7,189.946,1428.546,212.126
100.000,8,1810.377,1722.598,297.781
100.000,9,1369.824,2426.307,210.200
100.000,10,1380.156,420.799,353.447
100.000,11,989.374,155.131,281.612
100.000,12,936.775,1593.121,216.005
100.000,13,1410.889,2709.515,576.978
100.000,14,790.604,1746.617,322.840
100.000,15,690.689,456.517,318.979
100.000,16,815.112,1789.195,183.123
100.000,17,903.513,94.524,320.182
100.000,18,1377.953,270.303,204.822
100.000,19,1610.269,493.149,117.105
100.000,20,242.302,1986.274,507.667
100.000,21,283.852,2072.887,573.503
100.000,22,1054.551,337.580,222.688
100.000,23,204.901,240.270,259.766
100.000,24,813.451,931.966,351.092
100.000,25,1227.509,2239.674,240.854
100.000,26,430.340,2167.041,408.616
100.000,27,268.752,2342.152,311.703
100.000,28,118.515,2611.250,466.913
100.000,29,1457.403,1827.783,144.658
100.000,30,1588.118,2782.182,258.819
100.000,31,563.768,2275.138,272.476
100.000,32,75.417,257.360,414.673
100.000,33,1541.516,2170.643,429.805
100.000,34,656.400,2541.810,570.727
100.000,35,106.827,2413.251,245.912
100.000,36,1159.256,1797.051,361.300
100.000,37,426.307,584.981,284.555
100.000,38,841.591,2624.478,587.977
100.000,39,1273.161,1595.151,184.960
100.000,40,1690.383,644.211,309.703
100.000,41,1777.488,642.752,369.198
100.000,42,392.156,1472.822,327.284
105.000,0,514.959,1159.214,506.076
105.000,1,1606.622,1463.241,493.817
105.000,2,1813.749,1358.672,456.557
105.000,3,388.824,818.663,347.429
105.000,4,1127.376,238.574,557.782
105.000,5,1851.585,1867.172,307.025
105.000,6,1160.241,1938.413,412.537
105.000,7,104.385,1446.916,211.575
105.000,8,1752.482,1850.526,297.659
105.000,9,1411.850,2283.349,207.923
105.000,10,1489.606,392.016,350.409
105.000,11,883.132,183.283,283.768
105.000,12,1012.207,1514.968,219.947
105.000,13,1540.220,2735.620,582.527
105.000,14,832.820,1821.212,321.322
105.000,15,661.270,529.040,318.677
105.000,16,901.590,1736.105,188.973
105.000,17,993.131,4.474,324.786
105.000,18,1418.429,181.948,208.372
105.000,19,1605.094,389.901,116.261
105.000,20,282.354,1880.003,505.403
105.000,21,173.824,2086.612,573.850
105.000,22,931.703,405.399,214.301
105.000,23,334.049,236.803,257.547
105.000,24,779.852,825.252,350.499
105.000,25,1341.286,2143.820,243.594
105.000,26,499.454,2126.102,409.001
105.000,27,327.634,2395.322,312.126
105.000,28,146.285,2498.370,465.433
105.000,29,1506.130,1884.969,146.278
105.000,30,1666.407,2728.612,256.598
105.000,31,465.536,2226.387,269.019
105.000,32,116.552,143.968,415.658
105.000,33,1418.579,2197.666,429.458
105.000,34,569.317,2629.239,570.556
105.000,35,74.723,2544.102,239.672
105.000,36,1073.069,1776.767,363.026
105.000,37,369.933,508.270,283.689
105.000,38,710.090,2565.381,579.049
105.000,39,1373.105,1504.472,187.618
105.000,40,1773.697,650.972,310.601
105.000,41,1850.233,635.588,365.682
105.000,42,483.493,1563.014,332.858
110.000,0,588.142,1186.266,508.590
110.000,1,1617.085,1580.015,496.792
110.000,2,1734.981,1379.361,456.934
110.000,3,299.770,800.334,347.241
110.000,4,1157.656,372.853,557.586
110.000,5,1777.411,1914.193,301.051
110.000,6,1212.672,1868.838,409.751
110.000,7,22.929,1454.345,210.954
110.000,8,1703.158,1981.232,299.113
110.000,9,1443.637,2146.246,204.793
110.000,10,1604.256,395.019,349.392
110.000,11,769.640,203.637,283.651
110.000,12,1083.339,1440.827,223.787
110.000,13,1664.001,2762.128,586.971
110.000,14,857.163,1897.909,319.966
110.000,15,641.095,609.381,320.825
110.000,16,995.248,1710.899,194.048
110.000,17,1077.445,94.538,328.027
110.000,18,1427.342,90.255,213.930
110.000,19,1608.737,281.816,114.230
110.000,20,319.184,1778.700,502.160
110.000,21,63.519,2080.220,574.428
110.000,22,797.289,463.772,205.059
110.000,23,460.795,228.719,255.769
110.000,24,732.769,731.289,349.205
110.000,25,1458.755,2064.649,249.880
110.000,26,572.257,2093.008,407.430
110.000,27,381.003,2452.631,312.939
110.000,28,197.131,2395.885,466.569
110.000,29,1554.378,1944.219,149.485
110.000,30,1735.497,2668.331,257.258
110.000,31,357.209,2207.395,267.764
110.000,32,120.104,28.009,420.042
110.000,33,1299.147,2238.039,429.144
110.000,34,481.582,2715.983,570.551
110.000,35,1.041,2661.307,234.196
110.000,36,991.187,1765.984,366.161
110.000,37,293.572,432.440,282.689
110.000,38,569.597,2513.126,572.787
110.000,39,1449.921,1392.465,188.517
110.000,40,1853.698,625.546,309.713
110.000,41,1730.088,645.965,362.401
110.000,42,584.080,1636.509,337.609
115.000,0,651.861,1230.332,510.573
115.000,1,1633.440,1698.930,502.031
115.000,2,1664.255,1405.688,459.380
115.000,3,234.684,758.693,345.423
115.000,4,1231.818,481.957,555.930
115.000,5,1663.389,1971.885,297.961
115.000,6,1263.712,1799.004,408.915
115.000,7,73.442,1448.542,210.193
115.000,8,1637.584,2109.043,299.286
115.000,9,1479.583,2005.420,201.882
115.000,10,1719.335,376.649,346.252
115.000,11,655.865,201.794,283.431
115.000,12,1147.717,1357.784,226.643
115.000,13,1795.158,2707.614,591.439
115.000,14,910.347,1971.239,318.723
115.000,15,630.949,690.658,319.279
115.000,16,1081.216,1677.649,196.799
115.000,17,1184.276,181.790,330.076
115.000,18,1448.500,16.869,217.215
115.000,19,1609.124,180.633,112.637
115.000,20,345.585,1668.815,498.815
115.000,21,63.088,2070.388,573.425
115.000,22,669.523,527.108,200.683
115.000,23,593.543,209.662,252.426
115.000,24,692.378,632.398,347.961
115.000,25,1577.213,1973.058,255.192
115.000,26,653.397,2081.516,407.830
115.000,27,437.949,2513.982,310.477
115.000,28,204.173,2289.483,468.416
115.000,29,1608.261,2000.117,151.670
115.000,30,1814.435,2615.362,257.768
115.000,31,252.114,2164.248,264.151
115.000,32,134.799,97.353,422.118
115.000,33,1190.062,2305.369,427.899
115.000,34,377.103,2778.415,571.348
115.000,35,73.464,2776.276,229.946
115.000,36,910.340,1739.288,366.049
115.000,37,231.547,356.993,281.785
115.000,38,425.099,2480.673,568.511
115.000,39,1535.320,1289.823,188.245
115.000,40,1838.039,598.812,310.057
115.000,41,1613.232,654.926,359.422
115.000,42,693.950,1695.849,344.616
120.000,0,716.102,1264.702,512.293
120.000,1,1676.695,1800.011,502.858
120.000,2,1590.768,1436.138,460.232
120.000,3,169.981,719.763,342.594
120.000,4,1286.907,602.671,555.920
120.000,5,1544.706,2014.546,291.915
120.000,6,1314.940,1736.159,405.495
120.000,7,151.534,1470.589,210.142
120.000,8,1587.909,2242.060,301.293
120.000,9,1486.814,1857.306,197.610
120.000,10,1830.395,359.165,347.381
120.000,11,540.086,220.577,286.493
120.000,12,1209.467,1281.547,231.088
120.000,13,1849.232,2639.027,597.695
120.000,14,963.370,2037.392,317.110
120.000,15,628.134,775.232,319.058
120.000,16,1166.952,1634.196,199.930
120.000,17,1285.886,277.669,329.956
120.000,18,1449.597,123.281,221.651
120.000,19,1593.636,68.032,111.499
120.000,20,377.405,1558.696,495.409
120.000,21,171.563,2065.104,571.269
120.000,22,547.067,605.292,193.967
120.000,23,722.390,179.957,249.615
120.000,24,672.779,521.573,345.794
120.000,25,1707.889,1900.147,254.827
120.000,26,736.765,2062.169,406.494
120.000,27,492.470,2573.708,307.588
120.000,28,252.894,2190.024,468.569
120.000,29,1662.067,2048.566,155.445
120.000,30,1877.490,2549.167,257.847
120.000,31,150.536,2123.774,260.477
120.000,32,167.545,205.004,423.858
120.000,33,1069.972,2349.544,427.366
120.000,34,290.344,2688.535,569.180
120.000,35,142.463,2653.118,223.547
120.000,36,828.029,1707.690,366.685
120.000,37,168.628,278.738,280.190
120.000,38,284.708,2428.935,566.490
120.000,39,1625.395,1192.692,188.652
120.000,40,1758.775,583.082,309.532
120.000,41,1493.678,681.545,356.768
120.000,42,777.858,1786.794,349.580
125.000,0,790.647,1292.925,515.586
125.000,1,1725.630,1907.916,503.545
125.000,2,1519.963,1483.057,460.354
125.000,3,93.106,697.687,339.583
125.000,4,1305.351,733.728,555.540
125.000,5,1418.305,2042.783,284.984
125.000,6,1369.453,1678.674,404.422
125.000,7,236.032,1489.532,209.618
125.000,8,1533.834,2363.924,305.667
125.000,9,1491.246,1717.944,191.918
125.000,10,1808.245,339.408,346.462
125.000,11,421.902,230.136,288.425
125.000,12,1268.147,1191.931,235.270
125.000,13,1725.377,2587.530,594.579
125.000,14,1003.622,2113.484,316.499
125.000,15,593.689,856.100,317.092
125.000,16,1254.260,1597.586,202.948
125.000,17,1378.306,371.783,329.362
125.000,18,1462.963,221.845,228.337
125.000,19,1597.868,65.936,106.470
125.000,20,401.720,1447.542,491.737
125.000,21,284.200,2050.952,571.005
125.000,22,435.465,687.585,186.553
125.000,23,854.599,145.846,248.141
125.000,24,642.015,411.252,344.789
125.000,25,1817.261,1805.191,259.433
125.000,26,816.984,2038.830,406.006
125.000,27,537.418,2648.419,306.901
125.000,28,291.172,2085.973,471.389
125.000,29,1716.029,2102.757,159.936
125.000,30,1809.127,2494.894,256.315
125.000,31,35.855,2111.237,256.653
125.000,32,165.534,326.847,426.647
125.000,33,941.593,2382.185,428.685
125.000,34,197.327,2601.923,568.686
125.000,35,200.458,2531.584,217.241
125.000,36,750.128,1676.375,369.175
125.000,37,89.307,215.088,278.961
125.000,38,152.596,2371.130,562.253
125.000,39,1729.835,1101.806,188.371
125.000,40,1678.998,580.244,310.670
125.000,41,1378.560,684.103,353.479
125.000,42,894.048,1852.019,359.224
130.000,0,862.000,1335.027,516.546
130.000,1,1752.617,2024.314,504.183
130.000,2,1445.894,1513.174,461.593
130.000,3,20.707,653.431,338.553
130.000,4,1348.780,861.124,554.920
130.000,5,1294.326,2076.758,282.582
130.000,6,1410.153,1604.678,404.703
130.000,7,325.981,1470.952,209.379
130.000,8,1478.095,2495.594,304.832
130.000,9,1545.808,1594.115,188.400
130.000,10,1696.650,297.892,345.241
130.000,11,309.830,223.872,289.667
130.000,12,1320.364,1108.667,240.252
130.000,13,1594.424,2555.240,589.800
130.000,14,1046.647,2187.881,312.300
130.000,15,581.799,943.040,316.487
130.000,16,1339.642,1554.496,203.946
130.000,17,1456.008,477.089,332.067
130.000,18,1502.236,321.548,231.704
130.000,19,1606.229,176.414,104.814
130.000,20,420.615,1333.762,490.017
130.000,21,394.122,2045.088,568.099
130.000,22,320.021,753.504,178.511
130.000,23,989.237,132.130,246.977
130.000,24,604.910,315.133,343.900
130.000,25,1821.546,1714.680,262.162
130.000,26,897.791,2001.883,405.576
130.000,27,583.580,2717.484,307.423
130.000,28,322.248,1981.805,472.853
130.000,29,1762.847,2159.729,163.607
130.000,30,1737.709,2445.336,255.894
130.000,31,80.629,2083.702,254.570
130.000,32,165.653,441.034,430.108
130.000,33,819.868,2428.525,427.371
130.000,34,117.801,2513.191,569.698
130.000,35,262.497,2408.453,210.191
130.000,36,668.748,1660.488,370.184
130.000,37,18.302,149.327,277.670
130.000,38,7.215,2327.825,556.511
130.000,39,1836.270,1004.761,188.807
130.000,40,1600.486,579.574,310.926
130.000,41,1261.914,673.350,350.012
130.000,42,1001.378,1928.649,366.703
135.000,0,931.736,1372.121,521.113
135.000,1,1778.929,2147.208,507.677
135.000,2,1382.434,1553.544,460.650
135.000,3,64.861,619.135,335.983
135.000,4,1398.263,984.119,552.766
135.000,5,1172.848,2124.119,278.566
135.000,6,1451.757,1532.095,403.740
135.000,7,409.461,1471.242,208.091
135.000,8,1445.985,2633.411,311.278
135.000,9,1572.213,1460.809,186.905
135.000,10,1583.845,274.209,342.576
135.000,11,193.598,211.740,291.941
135.000,12,1395.288,1021.731,244.234
135.000,13,1472.642,2494.194,582.006
135.000,14,1099.819,2264.490,308.964
135.000,15,561.555,1023.116,315.576
135.000,16,1427.207,1523.683,207.002
135.000,17,1527.149,588.310,333.293
135.000,18,1536.658,412.436,235.373
135.000,19,1606.137,283.594,102.440
135.000,20,441.771,1220.646,487.315
135.000,21,501.648,2032.407,565.806
135.000,22,189.360,812.028,169.970
135.000,23,1106.924,78.780,247.174
135.000,24,541.211,220.808,346.122
135.000,25,1705.171,1620.859,264.365
135.000,26,973.604,1968.079,406.445
135.000,27,637.080,2779.485,306.762
135.000,28,345.925,1872.476,473.063
135.000,29,1804.080,2229.027,165.364
135.000,30,1671.842,2379.436,254.739
135.000,31,190.616,2041.951,254.452
135.000,32,214.270,551.726,433.109
135.000,33,713.376,2483.255,425.331
135.000,34,25.258,2430.037,567.830
135.000,35,340.405,2296.436,198.834
135.000,36,589.168,1649.010,370.658
135.000,37,86.184,93.401,276.219
135.000,38,140.082,2277.226,549.741
135.000,39,1834.018,899.717,189.631
135.000,40,1510.454,574.493,312.114
135.000,41,1148.478,681.291,348.108
135.000,42,1094.923,2013.889,373.132
140.000,0,1001.584,1404.738,521.680
140.000,1,1785.874,2271.639,510.669
140.000,2,1315.123,1591.359,461.304
140.000,3,139.061,596.576,334.989
140.000,4,1439.031,1104.797,552.441
140.000,5,1053.767,2151.132,274.878
140.000,6,1497.326,1468.612,403.107
140.000,7,497.659,1469.206,206.515
140.000,8,1425.562,2781.032,315.273
140.000,9,1628.847,1332.287,181.773
140.000,10,1469.619,258.545,341.494
140.000,11,76.029,239.260,293.093
140.000,12,1441.965,927.777,246.798
140.000,13,1340.057,2452.959,575.552
140.000,14,1140.825,2342.747,305.543
140.000,15,551.079,1100.529,315.243
140.000,16,1520.148,1495.873,209.396
140.000,17,1612.676,689.589,332.715
140.000,18,1569.647,500.604,241.464
140.000,19,1582.046,389.382,101.331
140.000,20,468.937,1111.305,483.298
140.000,21,613.539,2007.040,566.253
140.000,22,68.818,881.716,160.902
140.000,23,1234.826,65.285,246.609
140.000,24,505.143,119.511,344.745
140.000,25,1597.198,1524.234,265.291
140.000,26,1057.987,1931.344,405.201
140.000,27,697.020,2730.148,306.961
140.000,28,364.699,1760.697,475.740
140.000,29,1850.872,2289.563,168.300
140.000,30,1592.359,2334.692,254.189
140.000,31,300.439,2007.015,250.133
140.000,32,265.782,655.951,437.459
140.000,33,600.009,2518.313,427.140
140.000,34,82.595,2369.280,567.548
140.000,35,395.534,2168.092,195.161
140.000,36,509.787,1614.134,371.809
140.000,37,172.123,39.637,272.617
140.000,38,279.566,2253.263,545.203
140.000,39,1735.147,806.063,190.506
140.000,40,1426.112,564.885,312.719
140.000,41,1032.894,690.000,342.473
140.000,42,1178.843,2102.653,381.825
145.000,0,1059.478,1441.931,524.663
145.000,1,1818.750,2390.125,510.052
145.000,2,1239.768,1609.303,461.506
145.000,3,212.383,559.105,332.296
145.000,4,1475.851,1230.580,550.707
145.000,5,934.066,2184.702,273.472
145.000,6,1536.651,1398.875,400.644
145.000,7,581.785,1467.284,207.973
145.000,8,1397.859,2642.756,316.953
145.000,9,1707.971,1199.938,177.421
145.000,10,1358.473,206.058,341.172
145.000,11,37.089,262.620,296.560
145.000,12,1511.879,839.504,248.956
145.000,13,1230.193,2383.871,571.048
145.000,14,1193.023,2421.044,301.099
145.000,15,531.837,1172.864,314.940
145.000,16,1600.536,1448.447,213.316
145.000,17,1700.108,790.207,333.610
145.000,18,1606.664,595.843,246.096
145.000,19,1564.553,499.002,101.625
145.000,20,488.565,1002.806,480.838
145.000,21,719.936,2005.934,563.032
145.000,22,46.393,965.799,156.078
145.000,23,1371.948,62.378,247.289
145.000,24,465.979,21.828,343.813
145.000,25,1478.347,1439.357,268.206
145.000,26,1137.919,1898.835,404.429
145.000,27,751.191,2672.500,307.263
145.000,28,413.091,1660.015,474.611
145.000,29,1862.842,2358.876,172.574
145.000,30,1518.073,2287.925,254.918
145.000,31,409.556,1979.118,247.422
145.000,32,323.059,766.971,441.884
145.000,33,483.631,2544.776,426.369
145.000,34,177.860,2290.271,569.719
145.000,35,440.458,2042.720,188.272
145.000,36,425.899,1578.553,374.459
145.000,37,242.867,31.188,271.837
145.000,38,412.206,2196.669,542.096
145.000,39,1640.132,709.680,189.592
145.000,40,1342.880,575.797,314.300
145.000,41,921.626,692.314,337.628
145.000,42,1251.467,2211.995,388.370
150.000,0,1128.654,1479.411,526.288
150.000,1,1841.543,2513.398,512.580
150.000,2,1170.767,1651.160,461.313
150.000,3,288.387,522.001,330.523
150.000,4,1495.182,1371.183,549.541
150.000,5,813.464,2237.421,268.791
150.000,6,1570.360,1328.664,399.911
150.000,7,664.326,1465.376,207.530
150.000,8,1357.450,2509.656,317.811
150.000,9,1740.242,1058.571,172.672
150.000,10,1251.601,179.386,341.378
150.000,11,152.082,243.847,300.374
150.000,12,1577.912,747.046,253.325
150.000,13,1101.258,2331.800,565.684
150.000,14,1253.389,2486.837,297.956
150.000,15,509.130,1248.442,315.615
150.000,16,1676.545,1385.718,217.060
150.000,17,1808.149,870.849,334.744
150.000,18,1609.806,697.185,250.208
150.000,19,1538.877,609.777,100.652
150.000,20,502.903,894.119,477.928
150.000,21,829.381,2022.314,561.950
150.000,22,172.913,1028.589,147.195
150.000,23,1495.417,34.254,244.335
150.000,24,412.928,78.775,344.211
150.000,25,1363.233,1345.428,271.225
150.000,26,1209.310,1859.822,403.867
150.000,27,799.905,2605.451,306.387
150.000,28,433.407,1552.120,475.286
150.000,29,1821.135,2426.665,175.732
150.000,30,1438.940,2240.947,253.292
150.000,31,519.607,1965.864,245.842
150.000,32,355.558,886.144,444.753
150.000,33,366.024,2575.792,427.707
150.000,34,268.069,2206.515,569.105
150.000,35,512.163,1925.524,180.417
150.000,36,344.653,1557.992,376.873
150.000,37,310.590,93.890,270.384
150.000,38,546.731,2153.020,541.237
150.000,39,1526.743,641.650,190.804
150.000,40,1261.809,579.631,314.926
150.000,41,804.178,687.220,333.895
150.000,42,1347.103,2299.935,397.876
155.000,0,1193.167,1521.245,526.585
155.000,1,1843.254,2636.366,511.702
155.000,2,1100.132,1674.107,461.426
155.000,3,364.082,487.980,328.478
155.000,4,1512.999,1510.959,550.019
155.000,5,698.547,2278.043,262.739
155.000,6,1622.972,1263.223,399.821
155.000,7,746.148,1464.568,205.640
155.000,8,1275.355,2384.924,318.831
155.000,9,1776.110,918.540,167.797
155.000,10,1144.348,154.913,341.066
155.000,11,263.327,243.873,303.643
155.000,12,1627.950,654.922,257.690
155.000,13,984.622,2254.670,563.121
155.000,14,1304.022,2569.391,296.406
155.000,15,498.827,1333.793,316.021
155.000,16,1755.381,1326.913,217.450
155.000,17,1863.068,966.417,335.880
155.000,18,1638.406,798.402,254.794
155.000,19,1528.235,724.363,101.953
155.000,20,544.478,798.207,472.691
155.000,21,926.468,1975.431,561.758
155.000,22,288.303,1104.698,138.403
155.000,23,1625.604,11.046,242.464
155.000,24,396.350,186.704,342.626
155.000,25,1252.052,1254.013,273.610
155.000,26,1288.803,1825.630,401.988
155.000,27,839.448,2532.339,304.452
155.000,28,473.253,1452.891,476.786
155.000,29,1773.423,2492.089,177.843
155.000,30,1374.662,2185.768,252.715
155.000,31,636.960,1959.316,244.000
155.000,32,399.452,996.573,446.825
155.000,33,251.330,2620.578,431.687
155.000,34,361.704,2125.433,569.183
155.000,35,565.756,1793.875,177.397
155.000,36,262.976,1537.274,379.378
155.000,37,382.170,155.708,266.791
155.000,38,696.657,2125.979,539.735
155.000,39,1419.119,568.357,192.008
155.000,40,1184.715,564.375,314.780
155.000,41,684.401,680.188,330.907
155.000,42,1459.309,2368.182,407.080
160.000,0,1267.935,1546.512,525.949
160.000,1,1834.182,2758.871,514.115
160.000,2,1033.232,1717.710,463.566
160.000,3,438.547,457.905,325.887
160.000,4,1509.767,1645.904,547.782
160.000,5,587.047,2334.332,257.397
160.000,6,1660.836,1186.860,397.415
160.000,7,830.961,1491.313,207.793
160.000,8,1204.073,2269.733,321.403
160.000,9,1822.536,776.950,162.689
160.000,10,1046.945,98.562,339.193
160.000,11,379.995,244.938,304.938
160.000,12,1684.932,572.314,262.661
160.000,13,877.106,2179.733,556.002
160.000,14,1345.721,2644.169,294.449
160.000,15,478.294,1412.881,315.405
160.000,16,1843.997,1278.270,219.544
160.000,17,1783.859,1073.553,336.992
160.000,18,1649.523,904.277,260.259
160.000,19,1498.460,833.236,101.478
160.000,20,576.241,699.880,470.469
160.000,21,1032.484,1987.530,561.789
160.000,22,410.485,1178.670,130.793
160.000,23,1760.339,10.450,240.574
160.000,24,343.757,284.288,341.522
160.000,25,1171.273,1134.165,278.010
160.000,26,1364.875,1783.323,401.383
160.000,27,893.414,2472.232,304.968
160.000,28,505.144,1343.090,479.010
160.000,29,1724.892,2556.426,178.810
160.000,30,1302.144,2133.766,252.116
160.000,31,741.580,1929.409,242.547
160.000,32,425.742,1113.965,447.866
160.000,33,143.272,2676.992,431.642
160.000,34,465.358,2068.534,572.942
160.000,35,627.214,1672.507,171.124
160.000,36,178.499,1506.491,382.600
160.000,37,449.461,228.475,264.797
160.000,38,833.702,2062.048,535.760
160.000,39,1333.190,466.770,193.993
160.000,40,1108.923,553.383,316.436
160.000,41,568.750,682.412,326.983
160.000,42,1574.163,2430.970,414.004
165.000,0,1344.278,1576.234,526.802
165.000,1,1855.024,2688.157,514.597
165.000,2,955.529,1729.129,463.249
165.000,3,503.913,427.161,322.258
165.000,4,1553.240,1768.236,544.777
165.000,5,467.725,2375.284,253.812
165.000,6,1710.543,1125.353,395.524
165.000,7,910.533,1518.859,209.107
165.000,8,1182.895,2134.614,321.988
165.000,9,1869.009,639.198,159.254
165.000,10,938.474,68.881,334.833
165.000,11,486.051,257.165,306.506
165.000,12,1735.462,487.106,266.085
165.000,13,757.772,2109.632,552.277
165.000,14,1365.700,2725.467,292.619
165.000,15,456.230,1493.654,317.226
165.000,16,1816.813,1238.160,220.430
165.000,17,1704.151,1180.809,338.749
165.000,18,1672.816,1001.242,263.788
165.000,19,1471.659,940.284,103.186
165.000,20,610.258,593.229,468.491
165.000,21,1143.079,1986.413,560.360
165.000,22,533.047,1257.583,125.266
165.000,23,1860.521,39.822,240.425
165.000,24,298.563,377.279,338.890
165.000,25,1055.866,1058.235,278.456
165.000,26,1446.299,1758.131,401.401
165.000,27,942.465,2411.998,303.112
165.000,28,526.583,1235.063,479.050
165.000,29,1685.837,2621.957,181.367
165.000,30,1222.484,2093.967,251.362
165.000,31,850.114,1902.106,240.996
165.000,32,478.675,1220.169,449.825
165.000,33,23.879,2724.663,435.693
165.000,34,566.956,1998.646,570.977
165.000,35,714.711,1565.145,161.933
165.000,36,90.752,1499.093,386.097
165.000,37,512.415,302.119,260.758
165.000,38,959.912,1989.712,530.481
165.000,39,1220.846,398.273,196.693
165.000,40,1031.158,537.949,315.976
165.000,41,451.096,667.890,324.127
165.000,42,1698.963,2484.499,418.438
170.000,0,1411.156,1621.744,529.300
170.000,1,1883.756,2571.319,515.521
170.000,2,879.316,1772.169,462.349
170.000,3,573.246,401.204,318.443
170.000,4,1573.337,1908.690,541.909
170.000,5,344.979,2404.167,248.698
170.000,6,1741.835,1044.589,394.489
170.000,7,998.574,1531.344,211.256
170.000,8,1137.244,1999.948,325.913
170.000,9,1866.657,496.789,157.443
170.000,10,819.779,43.529,331.610
170.000,11,600.857,256.101,312.197
170.000,12,1801.615,399.906,271.074
170.000,13,636.454,2055.139,548.071
170.000,14,1398.508,2744.538,288.273
170.000,15,445.376,1578.883,315.703
170.000,16,1731.921,1195.143,220.971
170.000,17,1607.107,1269.699,335.969
170.000,18,1692.031,1101.982,269.690
170.000,19,1429.314,1044.369,105.942
170.000,20,644.726,485.883,464.072
170.000,21,1252.654,1968.751,557.551
170.000,22,659.382,1329.860,116.951
170.000,23,1727.916,82.477,240.260
170.000,24,228.552,452.964,337.375
170.000,25,929.692,988.119,281.221
170.000,26,1521.216,1724.506,400.408
170.000,27,993.399,2351.963,302.031
170.000,28,556.008,1128.104,478.272
170.000,29,1640.126,2687.934,183.568
170.000,30,1138.485,2051.763,250.495
170.000,31,955.990,1855.669,241.382
170.000,32,522.551,1329.885,451.781
170.000,33,97.385,2761.561,435.641
170.000,34,664.622,1928.452,571.925
170.000,35,782.984,1444.481,154.939
170.000,36,1.884,1468.967,387.610
170.000,37,577.686,370.168,259.202
170.000,38,1099.146,1948.394,527.127
170.000,39,1135.222,298.617,199.264
170.000,40,950.965,532.525,315.945
170.000,41,326.745,678.914,320.244
170.000,42,1794.425,2567.697,427.704
175.000,0,1477.400,1659.518,533.356
175.000,1,1864.843,2455.456,513.937
175.000,2,801.858,1796.500,462.978
175.000,3,640.443,369.226,316.132
175.000,4,1597.105,2040.633,540.474
175.000,5,224.133,2437.430,244.671
175.000,6,1801.796,985.184,393.735
175.000,7,1082.848,1528.828,214.226
175.000,8,1070.004,1869.390,322.936
175.000,9,1837.285,357.069,154.151
175.000,10,706.056,23.608,328.790
175.000,11,712.329,282.371,315.592
175.000,12,1865.408,314.838,277.203
175.000,13,511.701,2012.740,542.224
175.000,14,1443.700,2669.824,285.705
175.000,15,426.759,1658.716,315.349
175.000,16,1651.370,1146.305,223.034
175.000,17,1542.191,1383.516,337.422
175.000,18,1701.264,1199.880,274.263
175.000,19,1433.517,1158.685,106.149
175.000,20,685.737,374.428,461.732
175.000,21,1363.367,1932.546,557.115
175.000,22,775.366,1403.245,110.207
175.000,23,1600.406,103.022,240.350
175.000,24,195.008,558.391,336.089
175.000,25,799.827,927.118,280.667
175.000,26,1599.702,1699.138,400.889
175.000,27,1028.918,2274.728,302.515
175.000,28,585.250,1019.235,480.076
175.000,29,1596.167,2755.505,187.422
175.000,30,1059.025,2016.282,251.331
175.000,31,1069.675,1827.195,237.427
175.000,32,567.860,1441.044,456.017
175.000,33,213.114,2770.336,438.397
175.000,34,756.260,1860.037,571.401
175.000,35,844.296,1321.581,148.127
175.000,36,89.177,1445.688,389.047
175.000,37,647.543,440.524,257.695
175.000,38,1225.880,1876.965,519.683
175.000,39,1033.995,209.727,201.646
175.000,40,866.154,512.403,315.626
175.000,41,217.103,699.995,318.248
175.000,42,1862.430,2640.235,434.108
180.000,0,1552.696,1682.375,535.098
180.000,1,1843.597,2335.095,513.509
180.000,2,728.592,1818.544,463.387
180.000,3,714.633,344.029,312.688
180.000,4,1636.752,2163.071,538.657
180.000,5,107.674,2497.517,237.822
180.000,6,1841.966,921.619,393.069
180.000,7,1167.675,1526.368,216.982
180.000,8,1021.023,1742.661,326.209
180.000,9,1775.223,223.323,148.903
180.000,10,598.190,13.549,328.463
180.000,11,822.073,299.785,318.177
180.000,12,1832.207,225.834,281.966
180.000,13,378.620,1969.496,535.817
180.000,14,1493.555,2599.814,284.712
180.000,15,397.171,1737.697,316.460
180.000,16,1563.306,1124.838,226.854
180.000,17,1456.958,1484.414,341.954
180.000,18,1705.250,1299.963,277.877
180.000,19,1430.418,1266.353,107.641
180.000,20,700.250,260.554,457.610
180.000,21,1473.770,1914.625,555.982
180.000,22,899.763,1462.249,100.933
180.000,23,1476.901,157.371,236.977
180.000,24,154.139,666.031,336.283
180.000,25,678.689,841.109,284.020
180.000,26,1674.540,1663.606,401.139
180.000,27,1064.455,2208.495,303.337
180.000,28,628.049,914.737,480.658
180.000,29,1565.468,2730.346,190.828
180.000,30,989.421,1960.136,249.481
180.000,31,1187.892,1828.815,236.871
180.000,32,619.068,1545.651,459.312
180.000,33,330.572,2718.292,439.204
180.000,34,852.532,1785.051,568.670
180.000,35,883.989,1191.156,142.001
180.000,36,170.709,1438.271,390.080
180.000,37,708.735,516.211,255.587
180.000,38,1367.250,1829.804,511.982
180.000,39,945.215,105.911,200.588
180.000,40,786.738,502.335,316.806
180.000,41,112.531,704.253,313.965
180.000,42,1751.020,2721.313,440.163
185.000,0,1632.387,1708.942,537.502
185.000,1,1830.573,2215.283,514.463
185.000,2,660.330,1859.290,463.047
185.000,3,778.107,303.412,311.601
185.000,4,1671.816,2289.316,537.863
185.000,5,30.842,2542.671,231.002
185.000,6,1871.381,857.734,389.734
185.000,7,1248.629,1542.401,218.617
185.000,8,944.306,1624.921,324.547
185.000,9,1721.778,86.555,145.195
185.000,10,490.183,28.927,326.324
185.000,11,923.427,304.257,321.926
185.000,12,1768.811,136.635,286.877
185.000,13,252.734,1908.350,530.200
185.000,14,1547.730,2527.665,280.395
185.000,15,385.500,1818.107,317.240
185.000,16,1478.224,1072.230,229.545
185.000,17,1377.217,1591.846,344.686
185.000,18,1717.071,1398.312,283.065
185.000,19,1437.782,1386.726,109.315
185.000,20,701.199,155.936,454.494
185.000,21,1580.927,1896.510,554.850
185.000,22,1013.427,1545.010,107.830
185.000,23,1352.556,193.166,233.844
185.000,24,107.631,764.514,337.225
185.000,25,566.899,755.850,286.915
185.000,26,1745.038,1619.648,400.608
185.000,27,1114.235,2145.024,304.846
185.000,28,644.867,803.747,480.333
185.000,29,1520.830,2664.970,194.974
185.000,30,928.623,1895.345,250.021
185.000,31,1298.000,1806.651,232.507
185.000,32,676.466,1646.865,463.639
185.000,33,449.195,2667.509,441.117
185.000,34,952.740,1711.768,565.556
185.000,35,938.083,1066.929,134.088
185.000,36,251.750,1419.403,392.453
185.000,37,771.155,587.303,253.512
185.000,38,1497.217,1767.125,504.715
185.000,39,863.716,9.279,203.590
185.000,40,704.241,484.517,318.647
185.000,41,0.588,701.004,310.982
185.000,42,1639.806,2782.738,449.586
190.000,0,1697.052,1752.802,538.283
190.000,1,1813.933,2100.301,513.860
190.000,2,580.865,1876.445,463.742
190.000,3,852.499,269.015,310.825
190.000,4,1726.323,2406.103,536.830
190.000,5,136.789,2606.396,226.131
190.000,6,1826.071,787.085,388.569
190.000,7,1335.347,1553.581,219.277
190.000,8,876.539,1497.257,325.082
190.000,9,1645.929,59.855,143.645
190.000,10,380.561,47.911,324.056
190.000,11,1029.299,292.833,323.683
190.000,12,1694.677,59.705,290.464
190.000,13,124.458,1866.868,527.061
190.000,14,1595.802,2452.875,275.079
190.000,15,376.828,1896.679,316.998
190.000,16,1395.671,1042.177,232.459
190.000,17,1290.653,1696.869,344.384
190.000,18,1713.773,1488.110,285.785
190.000,19,1432.534,1503.606,110.926
190.000,20,724.471,43.665,451.185
190.000,21,1686.842,1874.446,551.984
190.000,22,1138.537,1613.421,116.114
190.000,23,1223.151,223.693,231.905
190.000,24,83.551,868.741,335.795
190.000,25,425.630,699.985,291.277
190.000,26,1824.230,1601.564,399.228
190.000,27,1165.605,2087.647,306.612
190.000,28,651.868,694.730,481.313
190.000,29,1468.622,2602.855,198.123
190.000,30,847.949,1866.244,250.715
190.000,31,1397.921,1768.425,230.976
190.000,32,740.308,1753.340,467.092
190.000,33,567.112,2615.197,443.553
190.000,34,1048.265,1638.137,563.253
190.000,35,981.365,934.310,128.089
190.000,36,345.213,1413.949,393.523
190.000,37,849.215,651.560,252.986
190.000,38,1640.111,1735.666,496.127
190.000,39,777.009,91.683,205.586
190.000,40,626.883,467.732,319.438
190.000,41,113.093,726.292,311.554
190.000,42,1539.747,2699.816,454.866
195.000,0,1764.556,1778.403,540.661
195.000,1,1762.953,1981.197,516.503
195.000,2,515.106,1905.240,463.152
195.000,3,928.351,238.992,310.161
195.000,4,1761.941,2535.345,537.807
195.000,5,247.746,2651.567,223.246
195.000,6,1791.575,703.758,386.106
195.000,7,1420.314,1552.554,219.741
195.000,8,832.940,1364.195,325.003
195.000,9,1589.723,195.849,140.591
195.000,10,265.325,54.433,324.321
195.000,11,1141.221,306.095,326.323
195.000,12,1609.227,3.335,295.339
195.000,13,19.024,1815.450,522.931
195.000,14,1651.152,2382.465,270.382
195.000,15,363.945,1976.588,317.222
195.000,16,1303.495,1019.689,235.183
195.000,17,1200.430,1800.593,347.269
195.000,18,1745.009,1580.155,290.020
195.000,19,1408.769,1612.200,111.530
195.000,20,730.261,83.926,448.376
195.000,21,1800.791,1883.137,549.367
195.000,22,1262.642,1690.218,125.899
195.000,23,1082.664,219.883,227.568
195.000,24,61.505,978.678,336.135
195.000,25,307.940,626.534,295.376
195.000,26,1867.438,1548.652,397.835
195.000,27,1219.073,2018.343,308.145
195.000,28,673.802,591.739,483.735
195.000,29,1416.454,2541.496,200.129
195.000,30,775.736,1813.397,252.650
195.000,31,1502.723,1731.083,229.165
195.000,32,788.483,1861.492,468.450
195.000,33,679.862,2561.917,442.816
195.000,34,1133.395,1553.086,563.353
195.000,35,1034.219,805.320,118.241
195.000,36,424.907,1403.827,397.161
195.000,37,927.242,709.058,250.840
195.000,38,1758.391,1666.168,488.573
195.000,39,705.670,212.573,204.940
195.000,40,552.070,459.203,321.645
195.000,41,228.855,737.660,306.722
195.000,42,1452.057,2616.517,463.222
200.000,0,1842.645,1815.967,543.236
200.000,1,1732.043,1873.660,517.482
200.000,2,440.008,1936.445,463.050
200.000,3,1008.726,205.504,306.556
200.000,4,1800.810,2654.464,537.122
200.000,5,356.553,2722.374,217.697
200.000,6,1739.246,649.856,384.965
200.000,7,1508.700,1556.430,220.278
200.000,8,768.368,1232.884,325.346
200.000,9,1524.629,330.466,137.324
200.000,10,155.029,75.072,321.039
200.000,11,1256.095,313.158,327.881
200.000,12,1547.461,97.648,299.279
200.000,13,143.852,1755.535,515.389
200.000,14,1714.730,2314.323,268.241
200.000,15,332.102,2055.128,318.822
200.000,16,1214.281,973.046,238.990
200.000,17,1131.015,1907.401,349.443
200.000,18,1796.846,1664.691,293.757
200.000,19,1402.451,1722.864,112.491
200.000,20,729.004,194.545,445.882
200.000,21,1842.026,1874.984,545.410
200.000,22,1387.849,1753.219,134.969
200.000,23,958.751,259.028,226.094
200.000,24,10.857,1061.587,333.665
200.000,25,192.694,533.472,297.785
200.000,26,1786.115,1521.207,397.847
200.000,27,1280.489,1951.578,305.214
200.000,28,691.509,486.301,486.252
200.000,29,1371.685,2481.236,203.830
200.000,30,697.179,1769.376,252.851
200.000,31,1609.449,1690.981,226.837
200.000,32,816.445,1970.335,472.346
200.000,33,788.903,2512.513,445.509
200.000,34,1227.823,1475.828,561.738
200.000,35,1111.984,696.112,108.120
200.000,36,512.726,1393.112,399.579
200.000,37,997.820,775.680,250.424
200.000,38,1871.442,1581.664,483.452
200.000,39,593.791,302.566,206.512
200.000,40,476.275,461.038,321.522
200.000,41,344.721,723.654,302.737
200.000,42,1360.595,2528.570,468.279
205.000,0,1864.474,1854.879,545.626
205.000,1,1701.738,1768.419,518.516
205.000,2,368.317,1961.224,463.524
205.000,3,1085.594,191.525,305.957
205.000,4,1845.887,2776.035,537.627
205.000,5,471.570,2776.180,211.474
205.000,6,1687.301,583.765,382.592
205.000,7,1594.304,1549.044,221.356
205.000,8,731.267,1095.758,326.077
205.000,9,1453.250,460.765,131.676
205.000,10,44.014,82.413,319.695
205.000,11,1369.224,317.415,331.840
205.000,12,1481.065,174.891,300.323
205.000,13,262.810,1682.638,510.581
205.000,14,1761.944,2235.461,263.422
205.000,15,302.897,2137.411,318.576
205.000,16,1134.887,911.623,241.387
205.000,17,1033.374,2002.411,354.048
205.000,18,1841.565,1749.161,299.231
205.000,19,1401.252,1838.899,112.725
205.000,20,768.496,300.914,441.258
205.000,21,1731.589,1868.348,543.902
205.000,22,1513.849,1814.177,143.593
205.000,23,826.685,258.052,225.073
205.000,24,56.569,1159.865,332.742
205.000,25,86.650,425.578,300.350
205.000,26,1708.242,1500.349,398.915
205.000,27,1306.808,1876.187,305.883
205.000,28,731.809,385.373,487.621
205.000,29,1327.969,2414.259,206.448
205.000,30,624.659,1707.640,252.239
205.000,31,1713.653,1658.942,226.403
205.000,32,848.585,2086.226,474.852
205.000,33,911.565,2501.065,444.998
205.000,34,1314.683,1393.189,559.745
205.000,35,1170.951,571.618,103.491
205.000,36,605.475,1363.845,403.068
205.000,37,1056.279,851.653,248.932
205.000,38,1760.577,1515.861,474.521
205.000,39,515.293,409.856,209.410
205.000,40,397.020,441.594,320.922
205.000,41,459.590,721.253,299.268
205.000,42,1260.768,2447.727,474.253
210.000,0,1792.071,1882.489,547.141
210.000,1,1675.275,1650.296,516.647
210.000,2,302.141,1997.698,464.280
210.000,3,1158.449,154.030,304.584
210.000,4,1876.512,2646.478,537.241
210.000,5,578.891,2724.197,204.874
210.000,6,1624.270,525.221,381.750
210.000,7,1679.250,1569.985,221.922
210.000,8,679.912,958.999,325.733
210.000,9,1407.399,597.716,130.563
210.000,10,91.160,110.847,318.786
210.000,11,1472.639,301.532,334.761
210.000,12,1411.824,245.048,305.865
210.000,13,398.268,1651.905,508.914
210.000,14,1815.031,2163.141,261.886
210.000,15,267.226,2223.996,319.188
210.000,16,1044.594,868.135,244.584
210.000,17,964.716,2116.072,354.502
210.000,18,1876.461,1834.264,303.906
210.000,19,1395.008,1949.100,113.122
210.000,20,765.304,406.643,436.933
210.000,21,1628.911,1873.079,542.734
210.000,22,1638.806,1876.244,147.095
210.000,23,702.202,290.674,224.270
210.000,24,112.198,1259.211,332.613
210.000,25,57.249,353.148,302.970
210.000,26,1634.472,1464.087,399.002
210.000,27,1348.692,1806.756,305.649
210.000,28,752.622,268.631,487.389
210.000,29,1275.087,2355.195,209.291
210.000,30,544.471,1662.242,251.210
210.000,31,1830.288,1648.473,226.855
210.000,32,877.662,2196.587,480.675
210.000,33,1037.000,2465.262,443.475
210.000,34,1409.753,1310.496,559.392
210.000,35,1237.802,444.012,102.639
210.000,36,695.394,1357.339,405.418
210.000,37,1127.116,922.335,246.728
210.000,38,1626.782,1456.411,467.400
210.000,39,404.776,474.623,211.980
210.000,40,318.782,408.942,322.438
210.000,41,580.975,710.916,296.527
210.000,42,1163.403,2356.608,482.388
215.000,0,1720.785,1915.004,548.830
215.000,1,1640.885,1537.063,515.105
215.000,2,228.829,2031.448,464.763
215.000,3,1223.916,114.383,303.144
215.000,4,1839.951,2523.908,537.184
215.000,5,692.788,2673.415,201.370
215.000,6,1577.359,457.311,378.331
215.000,7,1767.469,1597.004,222.046
215.000,8,633.330,826.507,324.071
215.000,9,1395.328,742.061,126.492
215.000,10,200.199,139.606,316.497
215.000,11,1584.104,312.120,336.148
215.000,12,1348.583,319.882,309.417
215.000,13,522.842,1584.708,503.650
215.000,14,1867.206,2097.784,258.398
215.000,15,227.154,2300.252,319.010
215.000,16,954.706,838.698,245.852
215.000,17,879.495,2226.655,360.409
215.000,18,1858.676,1918.260,308.334
215.000,19,1408.050,2060.208,115.900
215.000,20,781.727,515.497,433.324
215.000,21,1524.732,1871.318,540.703
215.000,22,1760.129,1952.055,152.483
215.000,23,577.436,322.187,222.156
215.000,24,177.562,1349.227,330.681
215.000,25,175.470,274.702,304.962
215.000,26,1562.406,1432.247,400.169
215.000,27,1402.387,1747.416,305.477
215.000,28,776.867,158.831,487.858
215.000,29,1224.811,2293.351,212.309
215.000,30,469.838,1618.496,249.617
215.000,31,1811.138,1627.003,224.568
215.000,32,887.847,2311.015,482.421
215.000,33,1141.519,2415.479,439.494
215.000,34,1499.447,1229.446,558.432
215.000,35,1302.401,324.921,110.345
215.000,36,780.314,1350.149,408.557
215.000,37,1209.507,982.965,243.695
215.000,38,1489.315,1393.783,461.878
215.000,39,304.314,570.427,214.629
215.000,40,239.570,398.258,321.523
215.000,41,688.945,729.095,294.512
215.000,42,1079.970,2257.512,489.692
220.000,0,1650.660,1953.224,551.517
220.000,1,1610.861,1422.071,515.599
220.000,2,156.398,2078.063,465.914
220.000,3,1292.200,68.538,300.438
220.000,4,1828.328,2398.776,536.218
220.000,5,821.098,2638.570,197.400
220.000,6,1533.433,393.043,377.192
220.000,7,1855.061,1583.860,223.157
220.000,8,573.980,693.751,325.816
220.000,9,1349.617,871.039,118.628
220.000,10,313.793,175.598,314.581
220.000,11,1694.427,334.213,337.630
220.000,12,1301.378,413.117,313.366
220.000,13,650.287,1529.727,496.327
220.000,14,1854.791,2005.598,255.917
220.000,15,214.127,2373.607,318.769
220.000,16,872.845,796.211,250.122
220.000,17,772.931,2302.203,365.725
220.000,18,1842.226,2010.059,312.534
220.000,19,1404.222,2165.446,118.104
220.000,20,782.052,622.347,430.452
220.000,21,1421.900,1840.869,539.414
220.000,22,1868.491,1989.282,161.175
220.000,23,445.183,315.468,221.332
220.000,24,224.923,1455.625,329.623
220.000,25,294.601,195.601,305.799
220.000,26,1494.771,1387.761,399.036
220.000,27,1452.798,1687.789,305.736
220.000,28,822.841,56.879,489.273
220.000,29,1184.848,2228.681,216.235
220.000,30,401.909,1560.953,248.491
220.000,31,1700.501,1609.004,222.654
220.000,32,907.583,2421.133,485.013
220.000,33,1260.492,2379.988,438.603
220.000,34,1601.346,1155.512,554.919
220.000,35,1369.985,214.317,114.310
220.000,36,868.949,1326.909,411.968
220.000,37,1299.972,1034.099,240.416
220.000,38,1345.168,1353.697,460.403
220.000,39,220.613,678.376,218.486
220.000,40,161.953,382.347,322.528
220.000,41,806.871,726.362,291.856
220.000,42,982.057,2164.710,493.102
225.000,0,1577.225,1977.806,554.230
225.000,1,1580.257,1306.880,518.451
225.000,2,85.193,2118.485,466.150
225.000,3,1364.048,44.216,299.052
225.000,4,1762.887,2279.438,538.110
225.000,5,946.097,2591.586,191.873
225.000,6,1500.046,317.926,375.455
225.000,7,1822.217,1605.347,221.994
225.000,8,541.515,565.492,329.376
225.000,9,1284.049,1002.294,110.991
225.000,10,414.717,196.195,313.633
225.000,11,1802.826,344.068,341.407
225.000,12,1215.352,480.008,318.896
225.000,13,766.701,1463.355,490.868
225.000,14,1820.445,1915.827,253.443
225.000,15,202.089,2456.668,320.690
225.000,16,785.273,756.743,251.507
225.000,17,690.820,2403.155,365.522
225.000,18,1839.352,2105.565,316.917
225.000,19,1397.973,2275.277,120.315
225.000,20,815.669,720.145,429.513
225.000,21,1312.791,1820.935,538.560
225.000,22,1733.194,2043.420,169.717
225.000,23,321.263,350.002,218.908
225.000,24,245.681,1558.428,327.813
225.000,25,401.268,102.909,307.617
225.000,26,1419.248,1363.731,398.919
225.000,27,1506.674,1620.298,306.209
225.000,28,858.272,55.641,488.860
225.000,29,1137.811,2173.626,219.304
225.000,30,328.605,1506.603,248.463
225.000,31,1604.750,1547.780,220.919
225.000,32,925.464,2537.940,490.116
225.000,33,1379.576,2329.857,440.203
225.000,34,1690.574,1071.247,552.798
225.000,35,1444.720,95.335,124.241
225.000,36,964.231,1312.052,414.238
225.000,37,1380.238,1098.169,237.368
225.000,38,1209.331,1295.007,456.402
225.000,39,119.162,766.447,217.970
225.000,40,79.056,381.455,323.832
225.000,41,926.579,745.202,289.967
225.000,42,885.526,2076.323,498.315
230.000,0,1499.279,2003.592,556.956
230.000,1,1546.982,1187.944,517.026
230.000,2,13.530,2146.200,465.507
230.000,3,1450.977,21.496,297.079
230.000,4,1718.957,2157.582,535.132
230.000,5,1067.467,2551.747,188.929
230.000,6,1463.130,245.741,372.741
230.000,7,1742.240,1625.744,221.097
230.000,8,489.757,440.459,331.977
230.000,9,1262.730,1139.520,106.771
230.000,10,530.398,229.294,310.657
230.000,11,1849.910,336.491,345.102
230.000,12,1145.575,564.401,325.005
230.000,13,883.066,1401.347,485.591
230.000,14,1789.108,1836.378,250.052
230.000,15,190.283,2529.348,320.124
230.000,16,692.589,721.582,254.387
230.000,17,594.654,2486.866,366.332
230.000,18,1809.770,2194.605,321.561
230.000,19,1392.420,2377.910,123.613
230.000,20,831.165,830.034,428.284
230.000,21,1206.430,1811.994,536.034
230.000,22,1601.346,2092.214,175.383
230.000,23,189.311,364.232,215.262
230.000,24,292.916,1654.159,325.579
230.000,25,531.942,33.965,306.834
230.000,26,1340.614,1341.883,399.614
230.000,27,1539.690,1540.725,305.782
230.000,28,892.045,155.381,491.270
230.000,29,1104.903,2102.658,221.951
230.000,30,260.181,1446.866,246.291
230.000,31,1490.161,1515.241,219.472
230.000,32,976.883,2653.135,494.659
230.000,33,1509.839,2314.498,441.672
230.000,34,1777.940,989.919,549.711
230.000,35,1534.458,29.278,133.304
230.000,36,1051.590,1310.531,415.783
230.000,37,1449.223,1177.875,236.800
230.000,38,1065.431,1270.392,453.855
230.000,39,24.061,852.822,219.305
230.000,40,1.044,361.556,324.993
230.000,41,1047.993,731.363,288.989
230.000,42,785.573,1993.726,506.263
235.000,0,1433.462,2039.790,559.114
235.000,1,1532.321,1062.233,520.102
235.000,2,77.006,2164.370,468.148
235.000,3,1536.701,1.370,295.198
235.000,4,1669.943,2030.319,532.524
235.000,5,1179.501,2499.046,184.098
235.000,6,1427.308,175.367,370.981
235.000,7,1656.092,1636.355,223.573
235.000,8,430.489,310.551,334.571
235.000,9,1230.025,1273.145,104.532
235.000,10,646.257,251.371,309.424
235.000,11,1740.004,353.586,347.212
235.000,12,1104.506,665.556,328.443
235.000,13,1014.147,1358.454,481.155
235.000,14,1750.632,1761.832,247.280
235.000,15,165.619,2602.092,319.555
235.000,16,598.974,690.157,258.601
235.000,17,519.125,2591.044,370.165
235.000,18,1773.035,2280.028,324.903
235.000,19,1365.695,2485.438,126.236
235.000,20,859.339,938.644,424.400
235.000,21,1091.832,1799.320,534.269
235.000,22,1476.826,2168.940,179.489
235.000,23,57.141,395.769,211.825
235.000,24,339.909,1759.243,322.865
235.000,25,662.388,54.874,305.742
235.000,26,1260.954,1304.885,400.002
235.000,27,1582.704,1476.206,304.676
235.000,28,918.684,261.690,493.596
235.000,29,1061.155,2041.847,225.772
235.000,30,184.356,1399.849,244.494
235.000,31,1379.797,1474.571,216.145
235.000,32,1008.675,2771.063,497.303
235.000,33,1634.230,2291.503,441.115
235.000,34,1873.371,916.927,547.793
235.000,35,1605.133,142.775,139.152
235.000,36,1133.328,1283.280,418.221
235.000,37,1517.545,1249.758,234.370
235.000,38,934.903,1187.279,449.117
235.000,39,91.112,929.386,219.140
235.000,40,76.189,362.439,324.199
235.000,41,1163.686,740.598,286.793
235.000,42,698.198,1895.686,515.409
240.000,0,1370.397,2072.125,561.608
240.000,1,1503.969,940.028,519.972
240.000,2,145.985,2206.451,470.922
240.000,3,1608.425,32.691,294.295
240.000,4,1634.688,1904.231,533.723
240.000,5,1296.593,2445.222,178.535
240.000,6,1376.448,109.001,369.649
240.000,7,1573.037,1662.120,223.128
240.000,8,361.186,193.696,337.219
240.000,9,1184.107,1408.154,103.626
240.000,10,766.847,272.421,310.249
240.000,11,1622.909,351.429,347.936
240.000,12,1029.663,735.986,333.834
240.000,13,1145.508,1317.356,477.876
240.000,14,1725.041,1682.852,243.762
240.000,15,167.451,2683.926,319.522
240.000,16,517.101,645.613,261.028
240.000,17,436.544,2690.221,372.478
240.000,18,1763.725,2379.274,328.067
240.000,19,1335.783,2587.856,128.925
240.000,20,872.382,1046.504,422.312
240.000,21,988.870,1776.563,534.442
240.000,22,1356.450,2239.539,187.754
240.000,23,88.377,418.312,211.796
240.000,24,378.080,1864.432,322.391
240.000,25,772.182,147.468,311.676
240.000,26,1180.709,1272.117,399.587
240.000,27,1632.200,1405.280,304.288
240.000,28,937.169,369.894,495.217
240.000,29,1016.657,1974.271,230.661
240.000,30,119.819,1333.093,245.053
240.000,31,1279.938,1429.704,213.118
240.000,32,1035.383,2682.742,499.045
240.000,33,1758.111,2254.133,439.138
240.000,34,1780.342,859.651,549.608
240.000,35,1694.180,250.147,143.392
240.000,36,1218.122,1262.079,422.870
240.000,37,1573.032,1333.349,233.240
240.000,38,797.292,1147.268,441.902
240.000,39,178.107,1029.262,216.760
240.000,40,154.541,352.485,324.477
240.000,41,1278.195,763.978,282.811
240.000,42,594.283,1815.788,522.734
245.000,0,1297.550,2102.301,564.339
245.000,1,1456.565,830.431,519.572
245.000,2,228.553,2224.417,470.624
245.000,3,1686.718,63.970,292.946
245.000,4,1593.691,1778.497,535.343
245.000,5,1426.462,2416.364,170.003
245.000,6,1334.057,47.306,367.344
245.000,7,1483.384,1674.998,219.704
245.000,8,295.922,62.337,341.009
245.000,9,1123.931,1545.818,108.425
245.000,10,885.105,280.716,310.304
245.000,11,1509.695,359.992,351.101
245.000,12,960.148,813.665,339.562
245.000,13,1268.133,1258.162,472.675
245.000,14,1684.724,1613.340,241.985
245.000,15,141.962,2763.848,320.493
245.000,16,427.207,607.726,261.985
245.000,17,331.120,2778.490,374.752
245.000,18,1751.039,2480.219,331.549
245.000,19,1332.724,2694.675,131.247
245.000,20,877.719,1155.424,420.204
245.000,21,886.430,1748.027,534.420
245.000,22,1228.648,2307.718,192.465
245.000,23,221.776,423.162,210.262
245.000,24,422.194,1970.012,320.668
245.000,25,875.740,235.603,315.496
245.000,26,1094.221,1242.854,398.867
245.000,27,1670.235,1341.278,304.806
245.000,28,956.604,484.698,496.802
245.000,29,972.920,1913.456,235.101
245.000,30,43.257,1289.525,244.832
245.000,31,1177.415,1375.063,211.356
245.000,32,1059.886,2568.919,499.966
245.000,33,1883.544,2229.135,439.550
245.000,34,1680.085,797.690,549.577
245.000,35,1775.236,363.167,151.388
245.000,36,1300.040,1237.947,425.111
245.000,37,1633.750,1408.626,230.438
245.000,38,661.477,1091.438,435.670
245.000,39,267.974,1132.282,218.049
245.000,40,228.309,333.666,324.176
245.000,41,1399.557,779.623,280.673
245.000,42,499.947,1722.762,527.736
250.000,0,1221.328,2117.461,565.162
250.000,1,1429.925,713.281,523.056
250.000,2,304.279,2249.410,470.805
250.000,3,1762.660,94.719,290.890
250.000,4,1554.723,1645.677,533.300
250.000,5,1541.384,2366.837,165.466
250.000,6,1302.791,33.724,365.549
250.000,7,1398.574,1691.865,221.673
250.000,8,256.236,95.915,344.992
250.000,9,1103.343,1693.186,111.235
250.000,10,1000.364,301.203,310.522
250.000,11,1397.471,358.329,355.248
250.000,12,908.017,900.833,343.596
250.000,13,1385.794,1191.237,470.013
250.000,14,1621.371,1547.175,240.208
250.000,15,111.954,2716.194,320.691
250.000,16,339.544,555.636,264.986
250.000,17,249.881,2666.710,377.278
250.000,18,1734.222,2577.760,336.252
250.000,19,1326.498,2736.157,131.847
250.000,20,914.840,1263.600,417.019
250.000,21,778.728,1726.172,531.583
250.000,22,1113.946,2387.711,196.914
250.000,23,351.049,456.346,209.137
250.000,24,451.010,2069.897,318.129
250.000,25,983.003,306.923,316.437
250.000,26,1018.262,1209.461,400.302
250.000,27,1726.089,1275.882,305.021
250.000,28,963.884,598.222,493.958
250.000,29,923.210,1856.048,237.904
250.000,30,33.840,1224.218,244.967
250.000,31,1075.931,1336.539,209.713
250.000,32,1091.193,2456.495,503.426
250.000,33,1755.333,2214.651,440.813
250.000,34,1601.750,694.256,549.701
250.000,35,1828.893,485.415,156.139
250.000,36,1377.950,1213.070,427.000
250.000,37,1710.374,1477.602,227.727
250.000,38,530.576,1034.294,431.877
250.000,39,346.825,1241.232,219.385
250.000,40,308.177,319.384,324.130
250.000,41,1516.272,776.550,280.112
250.000,42,415.212,1630.063,531.500
255.000,0,1146.299,2141.161,567.294
255.000,1,1403.524,602.218,525.172
255.000,2,381.407,2268.168,470.777
255.000,3,1830.932,129.070,290.352
255.000,4,1533.181,1513.697,532.458
255.000,5,1651.153,2329.523,161.694
255.000,6,1263.523,104.192,363.331
255.000,7,1314.644,1691.587,222.885
255.000,8,200.087,230.758,349.324
255.000,9,1045.973,1826.968,115.203
255.000,10,1116.674,321.694,310.304
255.000,11,1286.382,362.146,359.644
255.000,12,835.395,985.302,345.699
255.000,13,1500.885,1141.287,465.220
255.000,14,1582.365,1475.188,237.129
255.000,15,103.312,2638.311,322.567
255.000,16,259.818,517.237,268.072
255.000,17,159.756,2559.452,378.344
255.000,18,1723.242,2672.803,341.863
255.000,19,1318.816,2621.852,133.917
255.000,20,943.802,1359.620,414.463
255.000,21,674.846,1725.221,531.136
255.000,22,994.908,2463.952,203.269
255.000,23,482.747,485.533,209.238
255.000,24,509.835,2161.111,319.757
255.000,25,1098.474,379.361,318.200
255.000,26,941.525,1190.858,399.997
255.000,27,1770.555,1206.578,305.557
255.000,28,981.273,705.336,493.063
255.000,29,873.405,1797.108,240.934
255.000,30,108.775,1177.687,245.471
255.000,31,967.267,1322.829,205.936
255.000,32,1123.043,2341.007,507.226
255.000,33,1632.475,2199.554,440.204
255.000,34,1521.855,600.097,547.172
255.000,35,1856.212,620.429,161.898
255.000,36,1469.046,1206.799,429.603
255.000,37,1784.386,1533.169,226.872
255.000,38,394.680,983.848,427.251
255.000,39,443.874,1348.420,220.898
255.000,40,392.370,291.163,323.039
255.000,41,1635.122,790.678,275.313
255.000,42,302.074,1566.534,541.069
260.000,0,1079.721,2187.549,568.386
260.000,1,1384.139,486.195,525.932
260.000,2,455.314,2297.816,469.866
260.000,3,1865.742,173.956,290.245
260.000,4,1526.261,1383.975,534.298
260.000,5,1782.245,2305.309,157.530
260.000,6,1221.995,172.142,362.265
260.000,7,1224.033,1687.871,221.413
260.000,8,151.817,361.931,349.341
260.000,9,1011.572,1968.599,117.268
260.000,10,1225.670,329.201,307.720
260.000,11,1176.911,371.973,362.692
260.000,12,774.876,1077.850,349.318
260.000,13,1629.604,1087.095,458.713
260.000,14,1526.618,1403.488,233.840
260.000,15,59.688,2562.221,322.944
260.000,16,185.713,468.877,271.043
260.000,17,65.370,2468.827,379.824
260.000,18,1687.572,2764.607,346.033
260.000,19,1323.612,2509.944,136.560
260.000,20,957.047,1471.260,408.578
260.000,21,572.030,1708.142,529.285
260.000,22,870.086,2527.686,210.175
260.000,23,609.043,515.100,209.536
260.000,24,541.289,2262.591,320.335
260.000,25,1222.258,458.140,322.229
260.000,26,851.355,1160.068,400.088
260.000,27,1815.517,1140.508,306.390
260.000,28,1012.625,812.455,495.202
260.000,29,824.608,1738.658,243.472
260.000,30,177.861,1111.228,244.031
260.000,31,856.478,1310.901,203.422
260.000,32,1153.238,2218.673,509.460
260.000,33,1509.111,2175.487,439.682
260.000,34,1420.092,525.776,547.889
260.000,35,1838.654,740.921,167.562
260.000,36,1551.609,1199.734,431.377
260.000,37,1839.500,1617.136,225.343
260.000,38,270.209,906.711,423.958
260.000,39,542.918,1444.531,220.307
260.000,40,473.317,289.017,323.971
260.000,41,1754.498,792.339,271.349
260.000,42,213.174,1470.673,544.945
265.000,0,1022.647,2234.474,568.595
265.000,1,1346.762,370.720,525.748
265.000,2,531.512,2333.187,471.618
265.000,3,1786.384,199.688,287.360
265.000,4,1481.399,1253.251,534.081
265.000,5,1869.268,2271.041,151.259
265.000,6,1187.393,247.056,360.253
265.000,7,1137.174,1674.254,220.719
265.000,8,63.248,471.963,348.017
265.000,9,938.382,2090.127,123.082
265.000,10,1333.373,349.578,306.925
265.000,11,1065.817,365.398,362.347
265.000,12,705.912,1152.484,351.962
265.000,13,1763.902,1048.343,453.645
265.000,14,1478.006,1334.442,232.723
265.000,15,33.635,2483.454,321.485
265.000,16,99.380,430.467,273.681
265.000,17,22.363,2360.649,382.660
265.000,18,1660.662,2706.355,351.290
265.000,19,1292.786,2407.205,137.561
265.000,20,960.708,1575.646,405.604
265.000,21,465.016,1679.385,528.044
265.000,22,750.069,2598.875,218.468
265.000,23,737.801,511.837,211.841
265.000,24,609.591,2346.331,317.682
265.000,25,1354.981,510.379,325.302
265.000,26,765.837,1139.168,396.242
265.000,27,1866.727,1072.331,305.799
265.000,28,1046.482,921.614,496.085
265.000,29,805.264,1660.598,244.542
265.000,30,254.509,1053.309,242.535
265.000,31,744.856,1293.424,203.295
265.000,32,1198.824,2111.371,510.914
265.000,33,1386.797,2136.234,440.978
265.000,34,1326.723,456.226,549.726
265.000,35,1776.077,857.305,173.710
265.000,36,1641.763,1189.756,434.716
265.000,37,1864.915,1701.647,222.765
265.000,38,133.171,862.001,421.905
265.000,39,653.600,1531.395,220.830
265.000,40,551.966,271.988,323.169
265.000,41,1872.358,800.108,270.076
265.000,42,126.853,1384.064,550.934
270.000,0,959.901,2275.275,569.883
270.000,1,1349.554,248.583,525.358
270.000,2,602.056,2369.649,472.689
270.000,3,1705.855,225.608,286.695
270.000,4,1443.146,1130.439,535.494
270.000,5,1741.723,2236.451,146.709
270.000,6,1131.217,313.665,359.581
270.000,7,1057.567,1680.481,221.900
270.000,8,0.177,607.249,351.978
270.000,9,901.615,2232.076,128.991
270.000,10,1441.671,392.894,303.011
270.000,11,960.854,374.349,363.399
270.000,12,650.238,1233.235,355.451
270.000,13,1861.590,989.126,448.666
270.000,14,1433.909,1261.513,230.304
270.000,15,16.376,2393.707,321.923
270.000,16,12.641,389.857,278.776
270.000,17,121.192,2262.072,383.120
270.000,18,1624.118,2619.966,353.963
270.000,19,1281.905,2296.837,138.042
270.000,20,982.403,1682.369,402.477
270.000,21,355.498,1665.416,525.877
270.000,22,617.774,2660.731,226.523
270.000,23,853.873,549.447,209.355
270.000,24,652.950,2449.958,317.783
270.000,25,1485.677,579.133,325.387
270.000,26,696.534,1085.004,394.484
270.000,27,1844.145,1011.909,305.435
270.000,28,1084.385,1024.814,497.714
270.000,29,764.618,1592.331,248.000
270.000,30,324.979,1001.614,240.953
270.000,31,631.173,1282.598,199.945
270.000,32,1218.695,1998.338,511.330
270.000,33,1266.650,2090.674,440.435
270.000,34,1227.472,382.996,549.615
270.000,35,1703.793,974.924,178.955
270.000,36,1720.657,1173.517,433.041
270.000,37,1795.874,1770.140,219.718
270.000,38,17.517,834.759,417.990
270.000,39,767.019,1613.840,221.008
270.000,40,633.868,259.818,324.123
270.000,41,1777.021,811.281,267.627
270.000,42,31.202,1299.917,558.903
275.000,0,887.697,2321.366,572.603
275.000,1,1309.894,140.373,522.658
275.000,2,668.620,2409.909,472.627
275.000,3,1625.965,250.376,286.421
275.000,4,1380.753,1009.316,531.382
275.000,5,1625.543,2189.937,143.078
275.000,6,1085.868,378.104,358.747
275.000,7,974.028,1671.660,223.899
275.000,8,59.463,742.833,353.331
275.000,9,844.129,2363.898,133.288
275.000,10,1556.107,417.200,303.281
275.000,11,848.746,397.711,362.231
275.000,12,596.473,1329.166,360.406
275.000,13,1731.170,922.894,444.436
275.000,14,1387.415,1187.261,226.184
275.000,15,8.811,2311.038,323.907
275.000,16,84.537,352.710,280.493
275.000,17,231.829,2178.465,387.241
275.000,18,1593.344,2526.202,358.368
275.000,19,1272.612,2186.833,139.549
275.000,20,998.512,1790.558,401.484
275.000,21,251.085,1640.811,523.493
275.000,22,498.238,2731.882,233.507
275.000,23,986.762,544.766,209.444
275.000,24,708.207,2541.516,316.880
275.000,25,1594.960,674.015,327.318
275.000,26,611.243,1080.440,395.680
275.000,27,1789.252,950.274,305.173
275.000,28,1111.859,1130.274,495.532
275.000,29,721.149,1525.765,251.231
275.000,30,405.997,961.343,238.953
275.000,31,519.124,1264.956,196.551
275.000,32,1238.286,1885.306,512.448
275.000,33,1141.551,2077.586,439.281
275.000,34,1129.274,315.272,550.402
275.000,35,1646.736,1098.289,184.302
275.000,36,1807.349,1164.004,433.000
275.000,37,1714.211,1837.716,213.998
275.000,38,163.537,789.916,410.768
275.000,39,844.437,1726.914,220.871
275.000,40,713.940,260.756,323.620
275.000,41,1649.676,828.406,263.052
275.000,42,68.285,1211.755,565.954
280.000,0,814.078,2356.821,575.379
280.000,1,1299.532,25.321,522.552
280.000,2,733.672,2453.997,473.568
280.000,3,1549.322,283.104,286.436
280.000,4,1327.944,885.197,531.379
280.000,5,1495.720,2166.625,138.654
280.000,6,1052.531,453.488,356.611
280.000,7,886.813,1663.471,224.059
280.000,8,102.620,881.047,351.647
280.000,9,813.290,2502.283,137.968
280.000,10,1664.495,450.368,300.763
280.000,11,734.751,404.138,364.859
280.000,12,546.479,1420.738,364.554
280.000,13,1603.878,862.662,439.730
280.000,14,1329.929,1113.836,223.632
280.000,15,5.825,2225.266,324.302
280.000,16,172.504,317.354,283.005
280.000,17,320.227,2078.702,391.085
280.000,18,1564.648,2433.093,362.182
280.000,19,1262.662,2073.075,144.084
280.000,20,1003.627,1896.242,399.801
280.000,21,143.720,1659.295,520.655
280.000,22,390.411,2734.416,236.647
280.000,23,1115.968,557.249,204.497
280.000,24,767.652,2641.575,317.133
280.000,25,1714.883,740.482,329.145
280.000,26,539.914,1043.708,396.415
280.000,27,1746.963,880.666,304.451
280.000,28,1154.405,1228.333,497.137
280.000,29,677.240,1463.955,254.238
280.000,30,484.167,914.814,235.096
280.000,31,420.471,1217.288,194.526
280.000,32,1291.220,1780.658,516.964
280.000,33,1015.201,2048.509,439.142
280.000,34,1032.334,241.908,552.279
280.000,35,1571.062,1209.549,189.806
280.000,36,1869.385,1155.196,432.959
280.000,37,1639.132,1904.138,213.526
280.000,38,301.741,740.202,403.589
280.000,39,948.401,1818.218,221.766
280.000,40,796.632,267.389,322.704
280.000,41,1531.280,844.744,260.268
280.000,42,154.951,1112.557,572.409
285.000,0,737.337,2381.998,575.802
285.000,1,1278.637,92.809,523.588
285.000,2,802.766,2469.664,473.934
285.000,3,1466.874,306.133,285.289
285.000,4,1291.816,761.513,532.550
285.000,5,1371.894,2125.048,135.645
285.000,6,1015.606,528.410,354.997
285.000,7,799.304,1665.437,225.369
285.000,8,164.028,1007.855,350.434
285.000,9,749.307,2632.529,139.788
285.000,10,1772.281,476.691,296.233
285.000,11,626.269,418.050,365.212
285.000,12,474.727,1499.946,372.809
285.000,13,1474.677,791.889,433.192
285.000,14,1281.635,1030.657,221.315
285.000,15,11.173,2140.812,325.493
285.000,16,259.012,264.596,285.458
285.000,17,382.016,1962.570,395.487
285.000,18,1531.390,2339.754,369.933
285.000,19,1269.766,1953.661,146.809
285.000,20,1033.224,2007.020,396.531
285.000,21,33.656,1642.549,519.710
285.000,22,279.709,2643.385,244.389
285.000,23,1243.019,598.338,202.659
285.000,24,789.868,2743.106,316.817
285.000,25,1841.948,823.621,333.467
285.000,26,460.924,1021.574,396.484
285.000,27,1701.764,813.651,304.531
285.000,28,1169.045,1331.434,499.952
285.000,29,623.275,1406.411,258.465
285.000,30,545.392,850.105,233.486
285.000,31,323.600,1166.599,191.447
285.000,32,1330.298,1677.183,521.363
285.000,33,903.112,1996.371,438.213
285.000,34,936.198,171.389,549.678
285.000,35,1496.118,1325.009,197.511
285.000,36,1779.412,1142.561,433.229
285.000,37,1577.128,1987.348,213.282
285.000,38,449.253,697.423,397.787
285.000,39,1039.177,1922.941,223.390
285.000,40,877.901,262.744,322.371
285.000,41,1412.515,851.169,260.267
285.000,42,230.022,1004.677,578.354
290.000,0,666.017,2406.940,576.978
290.000,1,1268.575,213.339,522.987
290.000,2,870.120,2511.109,473.884
290.000,3,1392.511,337.654,283.619
290.000,4,1213.361,650.946,535.322
290.000,5,1250.512,2082.192,129.817
290.000,6,983.536,599.444,353.707
290.000,7,719.145,1681.012,228.389
290.000,8,246.738,1132.397,352.466
290.000,9,717.056,2764.894,138.715
290.000,10,1860.884,490.908,294.715
290.000,11,511.277,419.823,367.933
290.000,12,400.669,1570.225,375.944
290.000,13,1347.958,739.835,427.740
290.000,14,1235.620,953.387,220.047
290.000,15,26.185,2052.064,325.531
290.000,16,345.835,209.704,286.481
290.000,17,481.164,1863.504,395.589
290.000,18,1517.643,2248.357,374.395
290.000,19,1276.097,1840.603,145.559
290.000,20,1053.078,2119.044,397.257
290.000,21,72.982,1616.874,519.185
290.000,22,153.172,2576.145,248.949
290.000,23,1375.516,617.757,200.111
290.000,24,834.741,2698.142,314.998
290.000,25,1801.655,922.149,335.323
290.000,26,374.453,984.602,396.513
290.000,27,1653.349,741.398,302.146
290.000,28,1182.771,1438.387,501.383
290.000,29,573.871,1346.565,261.166
290.000,30,612.049,789.532,232.144
290.000,31,215.336,1154.588,188.047
290.000,32,1372.652,1558.988,524.422
290.000,33,787.826,1956.822,438.039
290.000,34,843.984,97.132,549.042
290.000,35,1427.684,1444.193,203.190
290.000,36,1688.552,1135.671,434.771
290.000,37,1507.640,2058.030,212.559
290.000,38,586.162,659.899,394.197
290.000,39,1153.700,1992.371,227.520
290.000,40,949.028,238.143,322.154
290.000,41,1301.669,830.663,257.073
290.000,42,311.239,909.492,582.435
295.000,0,593.396,2448.099,577.619
295.000,1,1254.518,331.231,525.207
295.000,2,944.330,2530.267,475.871
295.000,3,1317.754,373.860,281.661
295.000,4,1179.846,531.470,536.466
295.000,5,1129.498,2042.933,124.339
295.000,6,946.404,679.107,352.009
295.000,7,631.608,1680.238,228.490
295.000,8,316.755,1257.057,352.986
295.000,9,675.011,2651.427,139.470
295.000,10,1746.723,495.441,295.217
295.000,11,399.045,431.070,369.171
295.000,12,321.698,1641.805,381.325
295.000,13,1209.538,695.461,420.258
295.000,14,1181.261,881.179,216.014
295.000,15,56.761,1977.328,326.069
295.000,16,437.243,181.265,288.478
295.000,17,557.691,1759.509,396.996
295.000,18,1491.796,2158.676,379.337
295.000,19,1276.088,1734.092,146.303
295.000,20,1092.832,2222.226,394.884
295.000,21,173.983,1580.522,516.042
295.000,22,31.503,2507.548,254.127
295.000,23,1503.835,654.448,198.789
295.000,24,894.544,2613.066,314.784
295.000,25,1673.735,987.313,339.181
295.000,26,298.206,959.497,397.064
295.000,27,1597.053,679.173,303.218
295.000,28,1196.223,1552.701,503.852
295.000,29,516.646,1286.573,265.271
295.000,30,675.462,727.580,231.389
295.000,31,102.608,1156.730,183.966
295.000,32,1415.549,1452.505,526.913
295.000,33,674.403,1920.191,437.636
295.000,34,755.007,18.079,547.408
295.000,35,1364.829,1567.037,209.285
295.000,36,1603.906,1128.344,437.352
295.000,37,1435.108,2133.922,210.726
295.000,38,734.140,638.908,390.266
295.000,39,1269.866,2049.646,228.311
295.000,40,1032.584,246.060,322.564
295.000,41,1184.336,849.533,254.141
295.000,42,414.120,836.266,588.702
